日付,"日本国内
累計罹患者数","日本国内
新規罹患者数",北海道,青森県,岩手県,宮城県,秋田県,山形県,福島県,茨城県,栃木県,群馬県,埼玉県,千葉県,東京都,神奈川県,新潟県,富山県,石川県,福井県,山梨県,長野県,岐阜県,静岡県,愛知県,三重県,滋賀県,京都府,大阪府,兵庫県,奈良県,和歌山県,鳥取県,島根県,岡山県,広島県,山口県,徳島県,香川県,愛媛県,高知県,福岡県,佐賀県,長崎県,熊本県,大分県,宮崎県,鹿児島県,沖縄県
,"475,168","475,168","20,994","1,031",621,"6,038",283,948,"2,499","6,740","4,638","5,007","32,825","29,619","120,986","48,070","1,461",938,"1,911",589,969,"2,796","4,841","5,715","27,395","2,753","2,770","9,517","52,201","20,059","3,691","1,287",260,287,"2,693","5,172","1,418",535,836,"1,367",917,"19,014","1,189","1,634","3,506","1,309","1,962","1,830","9,482"
2020/01/16,1,1,0,0,0,0,0,0,0,0,0,0,0,0,0,1,0,0,0,0,0,0,0,0,0,0,0,0,0,0,0,0,0,0,0,0,0,0,0,0,0,0,0,0,0,0,0,0,0
2020/01/17,1,0,0,0,0,0,0,0,0,0,0,0,0,0,0,0,0,0,0,0,0,0,0,0,0,0,0,0,0,0,0,0,0,0,0,0,0,0,0,0,0,0,0,0,0,0,0,0,0
2020/01/18,1,0,0,0,0,0,0,0,0,0,0,0,0,0,0,0,0,0,0,0,0,0,0,0,0,0,0,0,0,0,0,0,0,0,0,0,0,0,0,0,0,0,0,0,0,0,0,0,0
2020/01/19,1,0,0,0,0,0,0,0,0,0,0,0,0,0,0,0,0,0,0,0,0,0,0,0,0,0,0,0,0,0,0,0,0,0,0,0,0,0,0,0,0,0,0,0,0,0,0,0,0
2020/01/20,1,0,0,0,0,0,0,0,0,0,0,0,0,0,0,0,0,0,0,0,0,0,0,0,0,0,0,0,0,0,0,0,0,0,0,0,0,0,0,0,0,0,0,0,0,0,0,0,0
2020/01/21,1,0,0,0,0,0,0,0,0,0,0,0,0,0,0,0,0,0,0,0,0,0,0,0,0,0,0,0,0,0,0,0,0,0,0,0,0,0,0,0,0,0,0,0,0,0,0,0,0
2020/01/22,1,0,0,0,0,0,0,0,0,0,0,0,0,0,0,0,0,0,0,0,0,0,0,0,0,0,0,0,0,0,0,0,0,0,0,0,0,0,0,0,0,0,0,0,0,0,0,0,0
2020/01/23,1,0,0,0,0,0,0,0,0,0,0,0,0,0,0,0,0,0,0,0,0,0,0,0,0,0,0,0,0,0,0,0,0,0,0,0,0,0,0,0,0,0,0,0,0,0,0,0,0
2020/01/24,2,1,0,0,0,0,0,0,0,0,0,0,0,0,1,0,0,0,0,0,0,0,0,0,0,0,0,0,0,0,0,0,0,0,0,0,0,0,0,0,0,0,0,0,0,0,0,0,0
2020/01/25,3,1,0,0,0,0,0,0,0,0,0,0,0,0,1,0,0,0,0,0,0,0,0,0,0,0,0,0,0,0,0,0,0,0,0,0,0,0,0,0,0,0,0,0,0,0,0,0,0
2020/01/26,4,1,0,0,0,0,0,0,0,0,0,0,0,0,0,0,0,0,0,0,0,0,0,0,1,0,0,0,0,0,0,0,0,0,0,0,0,0,0,0,0,0,0,0,0,0,0,0,0
2020/01/27,4,0,0,0,0,0,0,0,0,0,0,0,0,0,0,0,0,0,0,0,0,0,0,0,0,0,0,0,0,0,0,0,0,0,0,0,0,0,0,0,0,0,0,0,0,0,0,0,0
2020/01/28,7,3,1,0,0,0,0,0,0,0,0,0,0,0,0,0,0,0,0,0,0,0,0,0,1,0,0,0,0,0,1,0,0,0,0,0,0,0,0,0,0,0,0,0,0,0,0,0,0
2020/01/29,8,1,0,0,0,0,0,0,0,0,0,0,0,0,0,0,0,0,0,0,0,0,0,0,0,0,0,0,1,0,0,0,0,0,0,0,0,0,0,0,0,0,0,0,0,0,0,0,0
2020/01/30,14,6,0,0,0,0,0,0,0,0,0,0,0,0,1,0,0,0,0,0,0,0,0,0,0,1,0,1,0,0,0,0,0,0,0,0,0,0,0,0,0,0,0,0,0,0,0,0,0
2020/01/31,17,3,0,0,0,0,0,0,0,0,0,0,0,1,0,0,0,0,0,0,0,0,0,0,0,0,0,0,0,0,0,0,0,0,0,0,0,0,0,0,0,0,0,0,0,0,0,0,0
2020/02/01,20,3,0,0,0,0,0,0,0,0,0,0,0,0,0,0,0,0,0,0,0,0,0,0,0,0,0,0,0,0,0,0,0,0,0,0,0,0,0,0,0,0,0,0,0,0,0,0,0
2020/02/02,20,0,0,0,0,0,0,0,0,0,0,0,0,0,0,0,0,0,0,0,0,0,0,0,0,0,0,0,0,0,0,0,0,0,0,0,0,0,0,0,0,0,0,0,0,0,0,0,0
2020/02/03,20,0,0,0,0,0,0,0,0,0,0,0,0,0,0,0,0,0,0,0,0,0,0,0,0,0,0,0,0,0,0,0,0,0,0,0,0,0,0,0,0,0,0,0,0,0,0,0,0
2020/02/04,23,3,0,0,0,0,0,0,0,0,0,0,0,1,0,0,0,0,0,0,0,0,0,0,0,0,0,0,0,0,0,0,0,0,0,0,0,0,0,0,0,0,0,0,0,0,0,0,0
2020/02/05,25,2,0,0,0,0,0,0,0,0,0,0,0,1,0,0,0,0,0,0,0,0,0,0,0,0,0,1,0,0,0,0,0,0,0,0,0,0,0,0,0,0,0,0,0,0,0,0,0
2020/02/06,25,0,0,0,0,0,0,0,0,0,0,0,0,0,0,0,0,0,0,0,0,0,0,0,0,0,0,0,0,0,0,0,0,0,0,0,0,0,0,0,0,0,0,0,0,0,0,0,0
2020/02/07,25,0,0,0,0,0,0,0,0,0,0,0,0,0,0,0,0,0,0,0,0,0,0,0,0,0,0,0,0,0,0,0,0,0,0,0,0,0,0,0,0,0,0,0,0,0,0,0,0
2020/02/08,26,1,0,0,0,0,0,0,0,0,0,0,0,0,0,0,0,0,0,0,0,0,0,0,0,0,0,0,0,0,0,0,0,0,0,0,0,0,0,0,0,0,0,0,0,0,0,0,0
2020/02/09,26,0,0,0,0,0,0,0,0,0,0,0,0,0,0,0,0,0,0,0,0,0,0,0,0,0,0,0,0,0,0,0,0,0,0,0,0,0,0,0,0,0,0,0,0,0,0,0,0
2020/02/10,26,0,0,0,0,0,0,0,0,0,0,0,0,0,0,0,0,0,0,0,0,0,0,0,0,0,0,0,0,0,0,0,0,0,0,0,0,0,0,0,0,0,0,0,0,0,0,0,0
2020/02/11,28,2,0,0,0,0,0,0,0,0,0,0,0,0,0,0,0,0,0,0,0,0,0,0,0,0,0,0,0,0,0,0,0,0,0,0,0,0,0,0,0,0,0,0,0,0,0,0,0
2020/02/12,29,1,0,0,0,0,0,0,0,0,0,0,0,0,0,0,0,0,0,0,0,0,0,0,0,0,0,0,0,0,0,0,0,0,0,0,0,0,0,0,0,0,0,0,0,0,0,0,0
2020/02/13,33,4,0,0,0,0,0,0,0,0,0,0,0,1,1,1,0,0,0,0,0,0,0,0,0,0,0,0,0,0,0,1,0,0,0,0,0,0,0,0,0,0,0,0,0,0,0,0,0
2020/02/14,41,8,1,0,0,0,0,0,0,0,0,0,0,0,2,1,0,0,0,0,0,0,0,0,1,0,0,0,0,0,0,1,0,0,0,0,0,0,0,0,0,0,0,0,0,0,0,0,1
2020/02/15,53,12,0,0,0,0,0,0,0,0,0,0,0,0,8,0,0,0,0,0,0,0,0,0,1,0,0,0,0,0,0,3,0,0,0,0,0,0,0,0,0,0,0,0,0,0,0,0,0
2020/02/16,59,6,0,0,0,0,0,0,0,0,0,0,0,0,5,0,0,0,0,0,0,0,0,0,1,0,0,0,0,0,0,0,0,0,0,0,0,0,0,0,0,0,0,0,0,0,0,0,0
2020/02/17,66,7,0,0,0,0,0,0,0,0,0,0,0,0,0,1,0,0,0,0,0,0,0,0,1,0,0,0,0,0,0,4,0,0,0,0,0,0,0,0,0,0,0,0,0,0,0,0,0
2020/02/18,74,8,0,0,0,0,0,0,0,0,0,0,0,0,3,1,0,0,0,0,0,0,0,0,1,0,0,0,0,0,0,3,0,0,0,0,0,0,0,0,0,0,0,0,0,0,0,0,0
2020/02/19,84,10,2,0,0,0,0,0,0,0,0,0,0,0,3,2,0,0,0,0,0,0,0,0,1,0,0,0,0,0,0,0,0,0,0,0,0,0,0,0,0,0,0,0,0,0,0,0,1
2020/02/20,94,10,1,0,0,0,0,0,0,0,0,0,0,1,0,2,0,0,0,0,0,0,0,0,1,0,0,0,0,0,0,0,0,0,0,0,0,0,0,0,0,2,0,0,0,0,0,0,1
2020/02/21,109,15,3,0,0,0,0,0,0,0,0,0,1,1,3,3,0,0,1,0,0,0,0,0,2,0,0,0,0,0,0,0,0,0,0,0,0,0,0,0,0,0,0,0,1,0,0,0,0
2020/02/22,135,26,9,0,0,0,0,0,0,0,1,0,0,3,1,4,0,0,1,0,0,0,0,0,4,0,0,0,0,0,0,1,0,0,0,0,0,0,0,0,0,0,0,0,2,0,0,0,0
2020/02/23,147,12,9,0,0,0,0,0,0,0,0,0,0,1,0,0,0,0,0,0,0,0,0,0,2,0,0,0,0,0,0,0,0,0,0,0,0,0,0,0,0,0,0,0,0,0,0,0,0
2020/02/24,160,13,4,0,0,0,0,0,0,0,0,0,0,0,3,1,0,0,2,0,0,0,0,0,0,0,0,0,0,0,0,0,0,0,0,0,0,0,0,0,0,0,0,0,1,0,0,0,0
2020/02/25,171,11,5,0,0,0,0,0,0,0,0,0,0,0,0,0,0,0,0,0,0,1,0,0,3,0,0,0,0,0,0,0,0,0,0,0,0,1,0,0,0,0,0,0,1,0,0,0,0
2020/02/26,189,18,4,0,0,0,0,0,0,0,0,0,0,3,3,1,0,0,0,0,0,1,1,0,5,0,0,0,0,0,0,0,0,0,0,0,0,0,0,0,0,0,0,0,0,0,0,0,0
2020/02/27,214,25,15,0,0,0,0,0,0,0,0,0,0,0,1,3,0,0,1,0,0,0,1,0,2,0,0,0,1,0,0,0,0,0,0,0,0,0,0,0,0,0,0,0,0,0,0,0,0
2020/02/28,233,19,12,0,0,0,0,0,0,0,0,0,0,0,0,1,0,0,1,0,0,0,0,1,1,0,0,0,2,0,0,0,0,0,0,0,0,0,0,0,0,0,0,0,0,0,0,0,0
2020/02/29,242,9,4,0,0,1,0,0,0,0,0,0,0,0,1,0,1,0,0,0,0,0,0,0,1,0,0,0,0,0,0,0,0,0,0,0,0,0,0,0,1,0,0,0,0,0,0,0,0
2020/03/01,256,14,2,0,0,0,0,0,0,0,0,0,0,1,2,3,0,0,0,0,0,0,0,0,3,0,0,0,0,1,0,0,0,0,0,0,0,0,0,0,1,1,0,0,0,0,0,0,0
2020/03/02,274,18,5,0,0,0,0,0,0,0,0,0,0,0,0,5,4,0,0,0,0,0,0,0,0,0,0,0,2,0,0,0,0,0,0,0,0,0,0,1,1,0,0,0,0,0,0,0,0
2020/03/03,293,19,2,0,0,0,0,0,0,0,0,0,0,0,1,1,0,0,0,0,0,0,0,0,9,0,0,1,2,2,0,0,0,0,0,0,0,0,0,0,0,0,0,0,0,1,0,0,0
2020/03/04,329,36,3,0,0,0,0,0,0,0,0,0,0,1,4,0,0,0,0,0,0,0,0,0,8,0,0,2,9,0,0,0,0,0,0,0,1,0,0,1,4,0,0,0,1,0,1,0,0
2020/03/05,361,32,1,0,0,0,0,0,0,0,1,0,2,0,8,3,1,0,0,0,0,0,0,0,8,0,1,1,1,1,0,1,0,0,0,0,2,0,0,0,0,0,0,0,0,0,0,0,0
2020/03/06,417,56,7,0,0,0,2,0,0,0,0,0,3,2,6,6,0,0,0,0,1,1,0,0,5,0,0,1,13,4,3,0,0,0,0,0,0,0,0,0,2,0,0,0,0,0,0,0,0
2020/03/07,461,44,8,0,0,0,0,0,1,0,0,1,0,4,6,1,0,0,0,0,1,0,0,0,7,0,0,1,10,2,0,0,0,0,0,1,0,0,0,0,1,0,0,0,0,0,0,0,0
2020/03/08,494,33,3,0,0,0,0,0,0,0,0,0,1,0,0,0,0,0,0,0,0,0,0,0,11,0,0,0,14,2,0,0,0,0,0,0,0,0,0,0,2,0,0,0,0,0,0,0,0
2020/03/09,522,28,7,0,0,0,0,0,0,0,0,0,0,1,0,0,2,0,1,0,0,0,0,0,6,0,0,4,0,4,3,0,0,0,0,0,0,0,0,0,0,0,0,0,0,0,0,0,0
2020/03/10,581,59,3,0,0,0,0,0,0,0,0,0,5,1,3,2,3,0,0,0,0,0,0,1,13,1,0,1,18,8,0,0,0,0,0,0,0,0,0,0,0,0,0,0,0,0,0,0,0
2020/03/11,634,53,7,0,0,0,0,0,0,0,0,0,2,2,6,3,0,0,0,0,0,0,0,0,5,5,0,2,7,13,1,0,0,0,0,0,0,0,0,0,0,0,0,0,0,0,0,0,0
2020/03/12,690,56,10,0,0,0,0,0,0,0,0,2,6,2,2,3,3,0,0,0,0,0,0,1,7,0,0,2,9,9,0,0,0,0,0,0,0,0,0,0,0,0,0,0,0,0,0,0,0
2020/03/13,724,34,9,0,0,0,0,0,0,0,0,0,2,2,2,1,0,0,0,0,0,0,0,0,3,0,0,0,3,10,0,0,0,0,0,0,0,0,0,0,0,0,1,0,0,0,0,0,0
2020/03/14,787,63,7,0,0,0,0,0,1,0,0,2,7,2,10,0,2,0,0,0,0,1,0,0,7,1,0,0,10,11,0,0,0,0,0,0,0,0,0,0,0,0,0,1,0,0,0,0,0
2020/03/15,818,31,4,0,0,0,0,0,0,0,0,0,0,0,3,5,0,0,0,0,0,0,0,0,0,0,1,0,4,11,0,1,0,0,0,0,0,0,0,0,0,0,0,0,0,0,0,0,0
2020/03/16,835,17,4,0,0,0,0,0,0,0,0,1,0,0,0,0,3,0,0,0,0,0,0,0,2,0,1,0,2,4,0,0,0,0,0,0,0,0,0,0,0,0,0,0,0,0,0,0,0
2020/03/17,880,45,0,0,0,0,0,0,0,1,0,4,5,0,12,4,2,0,0,0,0,0,0,0,2,0,1,2,4,4,0,0,0,0,0,0,0,0,1,0,0,1,0,0,0,0,2,0,0
2020/03/18,921,41,2,0,0,0,0,0,0,1,1,0,1,2,9,1,1,0,0,1,0,0,1,0,5,1,0,2,5,5,0,0,0,0,0,0,0,0,0,1,0,0,0,0,0,0,0,0,0
2020/03/19,961,40,3,0,0,0,0,0,0,1,0,0,4,3,7,6,2,0,0,0,0,0,0,0,4,0,0,0,2,2,0,2,0,0,0,0,0,0,0,0,0,1,0,0,1,2,0,0,0
2020/03/20,"1,015",54,1,0,0,0,0,0,0,0,1,1,3,5,11,2,1,0,1,0,0,0,0,0,5,0,0,1,4,8,0,0,0,0,0,1,0,0,0,0,0,0,0,0,0,5,0,0,0
2020/03/21,"1,054",39,1,0,0,0,0,0,0,0,0,0,3,1,7,4,2,0,0,0,0,0,0,0,2,0,0,1,2,6,0,0,0,0,0,0,0,0,0,0,0,0,0,0,0,5,0,0,0
2020/03/22,"1,102",48,3,0,0,0,0,0,0,1,0,0,6,2,3,5,0,0,0,0,0,0,2,0,2,0,0,1,6,4,1,0,0,0,1,1,1,0,0,0,0,0,0,0,0,8,0,0,0
2020/03/23,"1,141",39,0,2,0,0,0,0,0,1,0,0,1,3,16,0,0,0,0,0,0,0,3,0,2,0,1,1,3,2,0,0,0,0,0,0,0,0,0,0,0,1,0,0,0,1,0,0,1
2020/03/24,"1,213",72,1,0,0,0,0,0,0,5,2,2,7,1,18,6,1,0,0,0,2,1,3,0,3,0,0,2,8,5,0,0,0,0,0,0,0,0,0,0,0,3,0,0,0,1,0,0,1
2020/03/25,"1,309",96,4,4,0,0,0,0,0,0,4,1,1,5,41,4,1,0,0,2,0,0,1,0,6,0,0,4,7,1,0,0,0,0,0,0,1,0,0,0,0,0,0,1,1,2,0,0,0
2020/03/26,"1,402",93,1,0,0,1,0,0,0,0,1,0,7,3,46,6,0,0,0,3,0,0,3,0,3,0,1,3,7,1,0,0,0,0,0,1,1,0,0,0,0,3,0,0,0,0,0,1,1
2020/03/27,"1,525",123,1,0,0,0,2,0,0,3,0,0,6,7,40,11,1,0,0,3,0,1,2,0,3,0,0,1,20,3,0,0,0,0,1,0,0,0,0,1,1,4,0,0,2,2,0,0,0
2020/03/28,"1,727",202,3,1,0,0,0,0,0,3,0,4,6,62,64,12,1,0,1,3,0,0,2,1,4,0,0,5,15,3,2,0,0,0,1,0,0,0,0,0,0,6,0,0,1,0,0,0,2
2020/03/29,"1,900",173,4,0,0,2,0,0,0,0,1,0,5,33,72,9,0,0,0,1,0,2,1,0,3,0,0,7,17,7,0,0,0,0,0,2,0,0,0,0,1,4,0,0,1,1,0,0,0
2020/03/30,"1,993",93,1,1,0,2,1,0,0,4,0,0,1,0,12,3,0,1,2,2,1,0,2,4,3,2,0,9,8,4,0,1,0,0,1,0,0,0,1,0,1,3,0,0,2,0,0,0,1
2020/03/31,"2,234",241,0,0,0,1,1,1,2,4,2,1,15,13,78,14,0,1,2,5,1,0,4,2,8,0,1,13,28,11,0,0,0,0,0,0,0,2,0,5,2,17,1,0,0,1,0,0,0
2020/04/01,"2,502",268,5,0,0,4,1,1,2,18,3,1,4,14,67,19,1,3,2,1,3,1,5,2,5,0,0,7,34,14,4,1,0,0,1,0,0,0,0,0,3,32,1,3,1,0,0,1,0
2020/04/02,"2,781",279,3,1,0,1,2,1,2,2,0,1,14,5,98,25,0,3,1,9,0,0,5,1,7,1,1,12,33,7,4,2,0,0,2,5,0,0,0,3,1,22,0,3,0,1,0,1,0
2020/04/03,"3,138",357,5,2,0,6,1,5,1,10,0,4,17,20,92,31,3,0,8,12,2,1,4,2,12,1,6,18,35,6,2,1,0,0,2,2,1,0,0,7,2,19,2,1,3,1,4,0,2
2020/04/04,"3,507",369,3,0,0,2,1,2,5,5,0,1,25,26,118,21,0,2,8,4,1,1,7,1,19,0,3,10,41,15,3,0,0,0,1,2,1,0,0,1,3,27,1,2,0,1,1,0,5
2020/04/05,"3,866",359,1,0,0,3,0,3,2,5,0,0,25,26,141,27,0,0,11,7,2,1,11,0,7,0,1,9,21,13,1,2,0,0,1,0,4,0,0,1,7,16,2,1,1,0,2,0,0
2020/04/06,"4,110",244,0,0,0,3,0,6,0,7,0,0,14,18,85,6,0,1,2,6,5,2,1,2,11,0,1,8,20,6,1,5,0,0,0,1,1,0,0,2,3,14,0,0,1,1,1,0,6
2020/04/07,"4,478",368,4,1,0,6,0,0,8,6,3,3,17,13,87,18,2,2,10,6,3,0,10,3,21,0,5,12,53,20,2,2,0,0,1,3,3,0,0,0,2,23,3,0,1,2,1,0,12
2020/04/08,"5,005",527,10,0,0,2,0,3,5,0,6,0,34,34,156,66,2,1,11,7,3,5,8,8,20,0,2,10,43,19,2,3,0,0,2,5,1,0,1,2,1,25,0,1,1,6,4,1,5
2020/04/09,"5,583",578,18,2,0,2,0,5,4,5,5,4,35,30,183,26,2,7,6,5,2,2,9,3,21,2,7,10,92,39,4,3,0,1,1,1,0,0,0,1,10,26,1,0,1,0,0,0,3
2020/04/10,"6,227",644,13,3,0,2,2,5,3,9,1,11,53,33,199,55,0,2,20,5,3,7,11,4,14,0,1,9,80,29,3,1,1,1,0,5,1,0,1,2,5,39,0,1,1,1,0,0,6
2020/04/11,"6,947",720,16,5,0,7,2,1,1,12,3,35,37,36,198,76,1,7,12,4,3,0,9,2,10,2,4,7,70,42,2,0,0,4,0,26,1,0,0,2,0,43,1,0,1,0,1,0,8
2020/04/12,"7,454",507,12,0,0,6,0,5,1,6,0,11,40,44,174,31,0,14,9,2,2,1,6,2,2,0,0,12,45,17,2,1,0,1,0,6,4,0,4,0,6,30,0,0,2,0,0,0,9
2020/04/13,"7,757",303,5,0,0,3,0,1,0,1,1,0,15,19,100,15,0,5,8,4,1,7,7,5,9,0,2,12,24,9,3,0,0,1,0,3,1,0,11,7,0,11,0,0,1,1,0,0,7
2020/04/14,"8,237",480,18,0,0,10,1,4,1,6,1,6,22,16,159,20,3,6,10,0,1,1,8,1,10,2,11,5,59,19,3,1,0,2,1,25,1,0,1,2,0,33,2,0,3,2,0,0,4
2020/04/15,"8,786",549,23,0,0,1,0,6,1,3,3,10,61,35,127,40,1,6,9,8,3,2,3,1,12,1,1,5,74,20,6,2,0,3,0,23,3,0,1,1,2,30,0,1,2,5,0,0,10
2020/04/16,"9,362",576,23,0,0,10,0,5,9,4,2,6,51,58,151,56,1,7,6,3,3,6,5,1,14,6,5,10,52,31,1,1,0,1,1,5,1,0,1,1,0,26,0,1,0,4,0,0,8
2020/04/17,"9,922",560,33,0,0,4,0,4,3,8,2,2,26,35,206,33,6,11,14,1,3,2,1,1,10,6,11,10,55,27,2,1,0,1,1,6,1,0,2,0,1,17,1,1,2,0,0,2,7
2020/04/18,"10,510",588,38,0,0,4,0,2,8,4,0,6,37,34,186,44,3,12,13,2,2,0,1,0,17,3,2,7,88,21,3,1,2,0,0,6,0,0,1,3,1,24,0,0,2,0,0,1,9
2020/04/19,"10,886",376,27,0,0,0,0,1,2,4,2,2,37,18,109,30,0,4,5,6,1,5,2,2,10,1,1,9,48,11,2,0,0,1,1,2,0,0,1,1,4,16,1,0,3,0,0,1,5
2020/04/20,"11,232",346,17,0,0,1,0,3,2,4,3,2,12,22,101,17,0,19,3,1,0,0,0,0,5,3,1,8,84,11,3,0,0,0,0,5,0,0,2,1,1,2,0,0,1,1,0,2,6
2020/04/21,11622,390,22,0,0,0,0,0,0,3,2,7,10,21,123,13,2,13,12,5,1,2,5,1,16,2,4,5,54,19,8,2,0,0,0,2,1,2,0,1,0,21,0,0,1,5,0,0,4
2020/04/22,12063,441,22,0,0,0,0,1,1,5,1,3,40,20,123,25,3,14,6,1,1,5,3,4,19,2,12,11,31,17,1,2,0,0,0,3,0,0,0,0,1,21,2,0,1,0,0,0,5
2020/04/23,12498,435,45,0,0,0,0,0,0,2,0,4,32,24,134,39,1,9,17,0,0,3,2,1,12,0,4,7,35,20,1,1,0,0,0,2,0,0,0,0,1,12,9,0,1,0,0,0,2
2020/04/24,12939,441,22,0,0,0,0,1,1,4,0,2,18,18,170,32,3,13,6,1,0,3,0,1,14,2,1,4,31,25,0,2,0,0,2,0,0,0,0,0,0,12,8,0,1,0,0,0,1
2020/04/25,13321,382,39,0,0,1,0,0,2,3,0,0,22,8,119,31,1,12,4,0,1,1,0,3,1,0,1,4,29,15,0,5,0,1,0,2,0,0,0,0,1,14,1,0,0,0,0,0,1
2020/04/26,13541,220,14,0,0,0,0,0,1,1,2,1,19,8,82,16,4,3,9,1,0,0,0,1,1,0,0,4,16,9,0,1,0,5,1,2,0,0,0,0,1,11,0,0,2,0,0,0,3
2020/04/27,13715,174,35,1,0,1,0,0,0,0,0,5,8,7,41,7,0,1,6,0,0,0,0,1,0,0,0,15,30,1,2,1,0,0,0,1,1,0,0,0,0,9,0,0,0,0,0,0,0
2020/04/28,13997,282,38,3,0,2,0,1,1,1,0,0,7,8,113,11,5,9,8,1,1,0,0,3,5,0,1,4,32,7,2,1,0,1,0,5,0,0,0,0,0,4,1,0,0,0,0,0,4
2020/04/29,14220,223,38,0,0,0,0,1,2,1,0,0,15,4,47,25,0,7,1,0,0,0,0,1,4,0,0,4,44,6,2,0,0,0,1,1,0,0,0,0,1,13,3,0,0,0,0,0,0
2020/04/30,14421,201,41,0,0,0,0,0,1,0,0,0,12,9,59,26,0,5,1,0,0,0,0,4,1,0,0,3,28,3,0,2,0,0,0,0,0,0,0,0,0,3,0,0,0,0,0,0,1
2020/05/01,14687,266,23,0,0,0,0,0,1,2,0,0,5,6,165,15,2,3,3,0,1,0,0,1,3,0,0,4,14,5,3,0,0,0,0,4,2,0,0,0,0,3,1,0,0,0,0,0,0
2020/05/02,14987,300,33,0,0,0,0,0,1,0,0,0,21,6,154,36,0,6,6,0,1,4,1,0,0,0,0,5,17,4,0,0,0,0,0,1,0,0,0,0,0,3,0,0,0,0,0,0,0
2020/05/03,15190,203,25,0,0,0,0,0,3,0,0,0,12,5,93,23,0,3,4,0,1,0,0,0,2,0,0,2,10,13,1,0,0,1,0,1,1,0,0,1,0,0,2,0,0,0,0,0,0
2020/05/04,15366,176,31,0,0,0,0,1,0,2,0,0,5,5,87,10,0,1,3,0,0,2,0,0,3,0,2,3,13,0,0,0,0,0,0,4,1,0,0,0,0,1,1,0,0,0,0,0,0
2020/05/05,15486,120,12,0,0,0,0,0,1,1,0,0,6,1,57,14,1,3,1,0,0,0,0,0,3,0,0,4,7,6,1,0,0,0,0,0,1,0,0,0,0,1,0,0,0,0,0,0,0
2020/05/06,15590,104,23,0,0,0,0,0,1,0,0,1,9,2,37,7,0,0,3,0,0,1,0,0,0,0,0,3,12,3,0,0,0,0,0,0,0,0,0,0,0,1,0,0,0,0,0,0,0
2020/05/07,15686,96,14,1,0,0,0,0,0,0,1,0,14,5,23,13,0,1,4,0,0,0,0,0,0,0,0,6,8,3,0,0,0,0,0,0,0,0,0,0,0,1,0,0,0,0,0,0,0
2020/05/08,15774,88,6,0,0,0,0,0,1,0,1,0,11,3,39,7,3,1,0,0,0,1,0,0,0,0,0,1,10,0,1,0,0,0,1,0,0,0,0,0,0,0,0,0,1,0,0,0,0
2020/05/09,15888,114,11,0,0,0,0,0,0,0,0,0,16,3,36,8,0,3,2,0,0,1,0,0,3,0,0,4,16,8,1,0,0,0,0,0,0,0,0,0,0,2,0,0,0,0,0,0,0
2020/05/10,15957,69,9,0,0,0,0,0,0,0,0,0,5,0,22,13,0,0,1,0,0,0,0,0,0,0,0,0,11,5,0,0,0,0,0,0,0,0,0,0,0,1,0,0,0,0,0,0,0
2020/05/11,16002,45,12,0,0,0,0,0,0,0,0,0,2,3,15,7,0,0,2,0,0,0,0,0,1,0,0,0,1,1,0,0,0,0,1,0,0,0,0,0,0,0,0,0,0,0,0,0,0
2020/05/12,16082,80,13,0,0,0,0,0,0,0,1,0,1,3,27,15,0,1,3,0,1,0,0,0,1,0,0,4,6,0,0,1,0,0,0,0,0,0,0,0,0,1,0,0,0,0,0,0,0
2020/05/13,16137,55,4,0,0,0,0,0,0,0,0,0,4,2,10,10,0,0,1,0,0,1,0,0,1,0,0,1,12,3,0,0,0,0,0,0,0,0,0,3,0,1,1,0,0,0,0,0,0
2020/05/14,16237,100,6,0,0,0,0,0,0,0,1,0,4,0,30,32,0,2,0,0,0,0,0,0,2,0,0,1,3,1,0,0,0,0,0,0,0,0,0,17,0,1,0,0,0,0,0,0,0
2020/05/15,16287,50,10,0,0,0,0,0,0,0,2,0,2,2,9,16,1,0,1,0,0,0,0,0,1,0,1,0,3,0,0,0,0,0,0,0,0,0,0,2,0,0,0,0,0,0,0,0,0
2020/05/16,16344,57,7,0,0,0,0,0,0,0,0,0,5,8,14,12,0,1,1,0,0,0,0,0,2,0,1,0,2,1,0,0,0,0,0,0,0,0,0,0,0,0,1,0,0,0,0,0,0
2020/05/17,16370,26,8,0,0,0,0,0,0,0,0,0,4,0,5,5,0,0,1,0,0,0,0,0,0,0,0,0,0,0,0,0,0,0,0,1,0,0,0,1,0,1,0,0,0,0,0,0,0
2020/05/18,16401,31,1,0,0,0,0,0,0,0,1,0,3,2,10,8,0,2,0,0,1,0,0,0,0,0,0,0,1,0,0,0,0,0,0,0,0,0,0,2,0,0,0,0,0,0,0,0,0
2020/05/19,16428,27,3,0,0,0,0,0,0,0,1,1,0,0,5,8,0,0,3,0,2,0,0,0,0,0,0,0,3,0,0,0,0,0,0,0,0,0,0,1,0,0,0,0,0,0,0,0,0
2020/05/20,16466,38,1,0,0,0,0,0,0,0,2,0,5,1,5,21,0,0,0,0,0,0,0,0,0,0,0,0,3,0,0,0,0,0,0,0,0,0,0,0,0,0,0,0,0,0,0,0,0
2020/05/21,16504,38,5,0,0,0,0,0,0,0,0,0,1,3,11,10,0,0,2,0,0,0,0,1,0,0,0,0,3,0,0,0,0,0,0,0,0,0,0,1,0,0,0,0,0,0,0,0,0
2020/05/22,16529,25,6,0,0,0,0,0,0,0,0,1,1,0,3,7,0,0,2,0,0,0,0,0,0,0,0,0,1,0,0,0,0,0,0,1,0,0,0,3,0,0,0,0,0,0,0,0,0
2020/05/23,16555,26,9,0,0,0,0,0,0,0,0,0,1,0,2,5,0,0,1,0,0,0,0,0,1,0,1,0,0,0,0,0,0,0,0,0,0,0,0,1,0,4,0,0,0,0,0,0,0
2020/05/24,16597,42,15,0,0,0,0,0,0,0,0,0,0,0,14,5,0,0,0,0,0,0,0,1,0,0,0,0,0,0,0,0,0,0,0,0,0,0,0,1,0,4,0,0,0,0,0,0,0
2020/05/25,16618,21,3,0,0,0,0,0,0,0,1,0,0,0,8,1,0,0,0,0,0,0,0,0,0,0,0,0,0,0,0,0,0,0,0,0,0,0,0,1,0,6,0,0,0,0,0,0,0
2020/05/26,16647,29,9,0,0,0,0,0,0,0,0,0,0,0,10,3,0,0,1,0,0,0,0,0,0,0,0,0,0,0,0,0,0,0,0,0,0,0,0,0,0,2,0,0,0,0,0,0,0
2020/05/27,16682,35,5,0,0,0,0,0,0,0,0,0,0,1,11,5,0,0,0,0,0,0,0,0,0,0,0,0,1,0,1,0,0,0,0,0,0,0,0,0,0,8,0,0,0,0,0,0,0
2020/05/28,16745,63,7,0,0,0,0,0,0,0,0,0,2,1,15,8,0,0,1,0,4,0,0,1,0,0,0,0,0,0,0,0,0,0,0,0,0,0,0,1,0,21,0,0,0,0,0,0,0
2020/05/29,16818,73,3,0,0,0,0,0,0,0,0,0,2,0,21,10,0,0,1,0,0,0,0,0,0,0,0,0,0,0,0,0,0,0,0,0,0,0,0,0,0,26,0,0,0,0,0,0,0
2020/05/30,16863,45,4,0,0,0,0,0,0,0,0,0,0,1,14,4,0,0,0,0,0,0,0,0,1,0,0,0,0,0,0,0,0,0,0,0,0,0,0,0,0,17,0,0,0,0,0,0,0
2020/05/31,16898,35,6,0,0,0,0,0,0,0,0,0,0,1,5,6,0,0,0,0,0,0,0,0,0,0,0,0,1,0,0,0,0,0,0,0,0,0,0,0,0,12,0,0,0,0,0,0,0
2020/06/01,16935,37,5,0,0,0,0,0,0,0,0,0,0,0,13,1,0,0,0,0,0,0,1,0,0,0,0,0,0,0,0,0,0,0,0,0,0,0,0,0,0,16,0,0,0,0,0,0,0
2020/06/02,16986,51,3,0,0,0,0,0,0,0,1,0,0,1,34,3,0,0,0,0,1,0,0,0,1,0,0,0,0,0,0,0,0,0,0,0,0,0,0,0,0,6,0,0,0,0,0,0,0
2020/06/03,17016,30,3,0,0,0,0,0,0,0,0,0,2,1,12,2,0,0,0,0,0,0,0,0,0,0,0,0,0,0,0,0,0,0,0,0,0,0,0,0,0,6,0,0,0,0,0,0,0
2020/06/04,17063,47,3,0,0,0,0,0,0,0,0,0,0,0,28,6,0,0,0,0,0,0,0,0,0,0,0,0,0,0,0,0,0,0,0,1,0,0,0,0,0,6,0,0,0,0,0,0,0
2020/06/05,17107,44,4,0,0,0,0,0,0,0,0,2,1,1,20,6,0,0,1,0,0,0,0,0,1,0,0,0,0,0,0,0,0,0,0,0,0,0,0,0,0,5,0,0,0,0,0,0,0
2020/06/06,17153,46,8,0,0,0,0,0,0,0,0,0,1,0,26,5,0,0,0,0,1,0,0,0,0,0,0,1,1,0,0,0,0,0,0,0,0,0,0,0,0,2,0,0,0,0,0,0,0
2020/06/07,17191,38,4,0,0,0,0,0,0,0,0,0,0,3,14,5,0,0,0,0,1,0,0,0,1,0,0,0,1,0,0,0,0,0,0,0,0,0,0,0,0,3,0,0,0,0,0,0,0
2020/06/08,17212,21,4,0,0,0,0,0,0,0,0,0,0,0,13,0,0,0,0,0,0,0,1,0,0,0,0,0,0,0,0,0,0,0,0,0,0,0,0,0,0,3,0,0,0,0,0,0,0
2020/06/09,17257,45,7,0,0,0,0,0,0,0,0,0,1,3,12,1,0,0,0,0,1,0,1,0,0,0,0,1,0,0,0,0,0,0,0,0,0,0,0,0,0,3,0,0,0,0,0,0,0
2020/06/10,17295,38,5,0,0,0,0,0,0,0,0,0,6,2,18,0,0,0,0,0,0,0,0,1,2,0,0,0,0,0,0,0,0,0,0,0,0,0,0,0,0,2,0,0,0,0,0,0,0
2020/06/11,17337,42,7,0,0,0,0,0,0,0,0,0,3,3,22,1,0,0,0,0,1,0,0,1,0,0,0,0,1,0,0,0,0,0,0,0,0,0,0,0,0,2,0,0,0,0,0,0,0
2020/06/12,17398,61,10,0,0,0,0,0,0,0,0,0,2,3,25,3,0,0,0,0,1,0,0,0,2,0,0,0,0,0,0,0,0,0,0,0,0,0,0,0,0,9,0,0,0,0,0,1,0
2020/06/13,17443,45,9,0,0,0,0,0,0,0,0,0,0,1,24,6,0,0,0,0,0,0,0,0,1,0,0,0,0,0,0,0,0,0,0,0,0,0,0,0,0,1,0,0,0,0,0,0,0
2020/06/14,17518,75,7,0,0,0,0,0,0,0,0,0,2,0,47,0,0,0,0,0,1,0,0,0,0,0,0,0,1,0,0,0,0,0,0,0,0,0,0,0,0,3,0,0,0,0,0,0,0
2020/06/15,17590,72,6,0,0,0,0,0,0,0,0,0,0,0,48,3,0,0,0,0,0,0,1,0,1,0,0,0,0,0,0,0,0,0,0,0,0,0,0,0,0,1,0,0,0,0,0,0,0
2020/06/16,17634,44,2,0,0,0,0,0,0,0,0,0,1,0,27,2,0,0,0,0,1,0,0,1,1,0,0,3,3,0,0,0,0,0,0,0,0,0,0,0,0,1,0,0,0,0,0,0,0
2020/06/17,17680,46,6,0,0,0,0,0,0,0,0,0,1,1,16,7,0,0,0,0,0,0,1,1,3,0,0,0,4,0,0,0,0,0,0,0,0,0,0,0,0,3,0,0,0,0,0,0,0
2020/06/18,17750,70,5,0,0,1,0,0,1,0,0,0,2,2,41,6,1,0,0,0,0,0,0,0,0,0,1,0,4,0,0,0,0,0,0,0,0,0,0,0,0,3,0,0,0,0,0,0,0
2020/06/19,17808,58,3,0,0,0,0,0,0,0,0,0,2,0,35,2,0,0,0,0,0,1,0,1,1,1,0,1,2,1,0,0,0,0,0,0,0,0,0,0,0,5,0,0,0,0,0,0,0
2020/06/20,17872,64,3,0,0,0,0,0,0,2,0,0,4,2,39,5,0,0,0,0,0,0,1,0,1,0,0,1,6,0,0,0,0,0,0,0,0,0,0,0,0,0,0,0,0,0,0,0,0
2020/06/21,17927,55,2,0,0,0,0,0,0,0,0,0,7,0,34,0,0,0,0,0,0,0,0,0,0,0,0,0,3,2,0,0,0,0,0,0,0,0,0,0,0,0,0,0,0,0,0,0,0
2020/06/22,17970,43,2,0,0,1,0,0,0,0,0,0,4,2,29,0,0,0,1,0,0,0,0,0,0,0,0,0,0,0,0,0,0,0,0,0,0,0,0,0,0,0,0,0,1,0,0,0,0
2020/06/23,18027,57,1,0,0,0,0,0,0,0,0,0,12,3,31,1,0,0,0,0,0,0,0,0,0,0,0,0,0,1,0,1,0,0,0,0,0,0,0,0,0,3,0,0,0,0,0,0,0
2020/06/24,18123,96,10,0,0,1,0,0,0,0,0,1,9,4,55,4,0,0,0,0,0,0,0,0,0,0,0,0,2,1,0,0,0,0,1,0,0,0,0,0,0,1,0,0,0,0,0,0,0
2020/06/25,18205,82,6,0,0,0,0,0,0,0,0,0,11,4,48,6,0,0,0,0,0,0,0,0,0,0,0,1,1,0,0,0,0,0,0,0,0,0,0,0,0,2,0,0,0,0,0,0,0
2020/06/26,18310,105,5,0,0,1,0,0,0,2,0,0,16,4,54,7,0,0,0,0,2,0,0,0,0,0,0,4,2,1,0,0,0,0,0,0,0,1,0,0,0,0,0,0,0,0,0,0,0
2020/06/27,18402,92,1,0,0,0,0,0,0,0,3,0,11,5,57,4,0,0,0,0,0,0,0,0,0,0,0,4,2,0,0,0,0,0,0,0,0,0,0,0,0,1,0,0,0,0,0,0,0
2020/06/28,18515,113,17,0,0,2,0,0,0,1,5,0,8,3,60,10,0,0,0,0,0,0,0,0,0,0,0,1,5,0,0,0,0,0,0,0,0,0,0,0,0,0,0,0,0,0,0,0,0
2020/06/29,18625,110,11,0,0,0,0,0,0,1,2,0,13,4,58,6,0,0,0,0,0,0,0,1,1,0,0,4,7,0,0,0,0,0,0,0,0,0,0,0,0,1,0,0,0,0,0,0,0
2020/06/30,18763,138,13,0,0,0,0,0,0,0,3,1,10,7,54,31,0,0,0,0,0,0,0,0,1,0,0,2,5,1,0,0,0,0,0,0,0,0,0,0,0,4,0,0,0,0,0,0,0
2020/07/01,18890,127,4,0,0,1,0,0,0,0,3,0,14,6,67,8,0,0,0,0,1,0,1,0,0,0,2,2,10,2,0,0,0,0,0,1,0,0,0,0,0,4,0,0,0,0,0,1,0
2020/07/02,19084,194,8,0,0,0,0,0,0,2,2,0,19,11,107,11,0,1,0,0,0,0,3,0,0,0,0,3,8,1,0,0,1,0,2,0,0,0,0,0,0,4,0,0,0,0,0,9,0
2020/07/03,19334,250,0,0,0,2,0,0,0,6,2,1,26,9,124,24,0,0,0,0,0,0,0,5,0,0,0,5,11,0,0,0,0,0,0,0,0,0,0,0,0,4,0,0,0,0,0,30,0
2020/07/04,19608,274,1,0,0,1,0,1,0,1,0,1,27,15,131,20,1,0,0,0,0,0,0,0,0,0,0,9,17,1,1,0,0,0,0,0,0,0,0,0,0,6,0,1,0,0,0,34,0
2020/07/05,19816,208,1,0,0,0,0,0,0,0,1,0,21,7,111,21,0,0,0,0,0,0,0,0,0,0,0,1,6,2,2,0,0,0,0,0,0,0,0,0,0,9,0,0,0,0,1,13,0
2020/07/06,19992,176,0,0,0,0,0,1,0,3,0,0,16,9,102,11,0,0,0,0,0,0,0,0,2,0,0,3,8,4,1,0,0,0,0,0,0,0,0,0,0,1,0,0,0,0,0,12,0
2020/07/07,20200,208,1,0,0,0,0,0,0,1,1,0,27,11,106,8,0,1,0,0,0,0,0,2,0,0,0,9,12,1,2,0,0,0,0,2,0,3,0,0,0,7,0,0,0,0,0,9,0
2020/07/08,20407,207,4,0,0,1,0,0,0,1,2,0,48,9,75,23,1,0,0,0,0,0,0,1,2,0,1,2,10,3,2,0,0,0,0,0,0,0,0,0,0,13,0,1,0,0,0,3,2
2020/07/09,20762,355,1,1,0,1,0,0,0,1,0,0,22,22,224,25,0,1,0,0,0,0,2,2,0,0,0,5,30,2,2,2,0,0,0,0,0,0,0,0,0,4,0,0,0,0,0,2,1
2020/07/10,21192,430,6,1,0,0,0,0,1,7,3,0,44,12,243,32,0,0,0,0,1,0,0,1,0,1,0,10,22,4,5,5,0,0,0,4,0,1,1,0,0,6,0,1,0,0,0,8,1
2020/07/11,21578,386,1,1,0,4,0,0,0,0,0,0,35,13,206,35,1,0,0,0,0,0,0,0,2,1,0,9,28,5,7,4,0,0,0,3,0,0,0,0,0,9,0,2,0,0,0,5,2
2020/07/12,21985,407,4,0,0,2,0,0,0,3,2,0,31,31,206,23,0,0,0,1,0,1,0,2,0,2,2,8,32,6,5,5,1,0,0,1,0,0,0,0,0,5,0,4,0,0,2,8,0
2020/07/13,22244,259,2,0,0,2,0,2,0,3,3,2,26,17,118,16,0,0,0,1,0,1,0,0,2,0,0,9,18,1,4,3,0,0,0,3,0,0,1,0,1,2,0,4,0,0,0,5,0
2020/07/14,22577,333,8,0,0,2,0,0,1,2,5,0,42,25,143,28,0,0,0,0,0,0,3,2,5,0,0,12,20,9,3,1,0,1,1,4,0,0,1,0,0,4,0,1,0,0,0,5,0
2020/07/15,23027,450,13,0,0,2,0,1,0,5,4,4,38,29,165,42,2,0,0,1,0,1,1,1,16,2,1,9,61,12,5,0,0,0,1,7,0,0,1,0,0,9,0,1,0,0,0,3,0
2020/07/16,23651,624,6,1,0,14,0,1,0,2,5,3,49,32,286,47,0,0,0,0,1,1,2,2,21,2,1,13,66,17,7,0,0,0,2,5,1,0,10,0,1,16,0,0,1,0,0,4,1
2020/07/17,24248,597,3,0,0,3,0,0,0,4,6,2,51,20,293,43,0,0,1,1,0,2,4,3,19,1,1,12,53,25,5,3,0,0,2,7,3,0,1,0,0,19,0,1,0,0,0,1,0
2020/07/18,24909,661,13,0,0,3,0,0,0,5,6,1,48,32,290,49,1,1,2,0,0,1,1,2,25,1,0,25,86,12,8,2,0,0,3,2,1,0,1,0,0,24,0,6,0,0,0,1,0
2020/07/19,25420,511,9,0,0,0,0,0,0,5,9,0,38,24,188,30,0,0,0,0,1,0,4,4,21,1,1,12,89,21,3,0,0,0,4,2,0,0,0,0,0,32,0,1,0,0,0,1,2
2020/07/20,25838,418,3,0,0,4,0,0,0,1,3,0,28,18,168,11,0,0,0,0,1,2,3,1,21,1,1,27,49,7,2,4,0,0,2,4,0,0,0,1,0,32,1,4,1,0,0,5,2
2020/07/21,26470,632,10,0,0,0,0,0,0,4,3,2,47,15,237,30,0,2,3,0,1,0,14,5,53,0,6,20,72,12,7,3,0,0,1,8,0,0,0,0,0,53,1,3,1,0,0,2,2
2020/07/22,27265,795,6,0,0,2,0,0,1,5,3,5,62,40,238,68,2,1,0,0,0,0,6,5,64,1,11,19,121,30,8,4,0,1,0,6,1,0,1,0,1,61,6,3,2,0,3,2,2
2020/07/23,28246,981,4,0,0,2,0,0,1,2,5,3,64,33,366,53,0,1,1,1,5,0,8,5,97,2,17,19,104,35,13,9,0,0,1,16,4,0,0,0,0,66,2,0,3,0,4,15,5
2020/07/24,29025,779,6,0,0,0,0,0,0,2,4,0,45,26,260,28,0,0,3,0,1,1,8,7,64,2,6,16,149,23,12,3,0,2,4,7,0,0,0,1,1,52,6,1,1,0,9,14,10
2020/07/25,29826,801,9,0,0,2,1,0,0,0,8,2,35,21,295,18,0,0,0,0,0,1,4,30,78,2,1,4,132,24,4,4,1,0,10,7,0,2,0,0,0,49,3,0,2,0,19,8,14
2020/07/26,30665,839,5,0,0,0,1,0,0,3,4,0,33,22,239,33,2,0,3,2,0,4,11,25,83,5,1,13,141,49,6,6,0,0,2,4,2,0,0,1,1,90,1,1,21,0,8,5,6
2020/07/27,31265,600,5,0,0,5,0,0,0,2,4,0,23,24,131,14,0,1,0,0,2,0,9,14,79,4,2,20,86,12,4,8,0,1,3,6,1,4,0,2,0,49,0,2,33,0,11,3,18
2020/07/28,32250,985,3,0,0,2,0,0,0,15,2,3,55,23,266,33,3,0,1,0,2,6,25,18,114,6,2,31,155,33,6,4,2,0,2,19,1,0,1,2,1,54,2,5,22,2,20,10,21
2020/07/29,33520,1270,5,0,2,4,0,0,1,9,16,1,53,49,250,70,2,0,2,6,0,4,30,16,173,10,6,41,221,46,6,6,2,0,5,17,2,7,0,0,0,101,3,2,21,0,12,3,44
2020/07/30,34828,1308,9,0,1,5,0,0,0,12,6,4,57,49,367,76,4,2,4,2,4,1,17,16,167,1,5,9,190,53,7,2,1,0,5,8,0,1,0,0,0,121,3,5,16,2,15,4,49
2020/07/31,36414,1586,15,1,1,2,0,1,2,14,4,3,57,35,462,53,8,0,1,2,3,2,19,23,199,10,3,29,216,62,9,8,4,0,3,18,0,1,0,0,0,169,7,8,18,2,20,16,71
2020/08/01,37948,1534,18,0,0,5,0,0,0,14,0,1,74,73,472,58,3,5,1,0,4,6,13,16,181,11,8,22,195,32,19,13,1,0,7,18,5,1,0,3,0,121,8,15,26,2,16,4,58
2020/08/02,39279,1331,9,0,0,3,0,0,0,14,4,1,74,51,292,72,2,1,1,1,2,6,7,18,160,12,5,17,194,60,8,4,2,0,2,10,0,2,0,3,1,145,5,23,20,0,30,0,63
2020/08/03,40244,965,23,0,0,6,0,0,0,5,3,2,49,43,258,48,3,4,0,2,4,2,11,2,131,20,18,29,81,27,8,2,0,0,3,9,0,2,0,4,1,75,9,5,6,2,8,0,37
2020/08/04,41490,1246,11,0,0,2,0,0,0,7,5,3,49,47,309,89,1,6,1,3,2,3,17,16,128,11,5,21,193,32,5,1,1,0,3,10,1,2,2,1,0,87,7,18,37,3,12,6,83
2020/08/05,42845,1355,14,0,1,1,0,0,2,10,17,5,64,50,263,81,0,7,0,4,5,3,21,9,148,24,29,27,196,52,9,3,0,0,7,11,1,11,5,0,0,123,10,5,42,1,8,4,74
2020/08/06,44330,1485,11,0,1,3,0,0,2,12,6,6,65,76,360,118,2,5,6,3,10,1,20,9,142,10,6,20,225,61,7,0,2,0,2,7,4,11,4,0,0,136,12,5,10,2,13,7,72
2020/08/07,45935,1605,14,0,1,1,14,0,2,12,8,6,50,65,461,107,4,5,1,1,3,1,15,2,159,23,31,19,255,49,9,0,0,0,4,3,0,1,1,0,1,140,7,4,9,2,7,2,100
2020/08/08,47506,1571,13,0,0,1,2,0,1,12,5,7,84,53,429,128,2,11,11,0,2,0,15,11,180,17,10,21,178,55,16,1,0,2,3,6,6,2,1,1,0,150,5,10,10,2,13,2,84
2020/08/09,48947,1441,11,0,0,0,1,0,0,17,3,5,56,46,331,81,0,3,22,1,1,4,15,8,130,9,8,20,195,48,12,5,0,92,1,5,6,1,1,1,0,108,9,7,3,7,6,0,156
2020/08/10,49785,838,13,0,0,0,0,0,2,6,3,8,42,41,197,38,0,5,12,0,2,1,7,6,101,11,7,8,123,26,6,3,0,3,2,7,2,2,0,5,0,72,3,1,3,5,8,0,51
2020/08/11,50482,697,14,0,0,0,0,0,0,3,3,4,36,18,188,27,0,3,14,0,0,2,3,7,67,3,4,10,101,30,2,2,0,4,2,8,0,1,0,0,0,54,5,3,4,1,2,0,64
2020/08/12,51461,979,4,0,0,2,1,0,2,10,9,7,45,34,222,66,1,3,9,0,3,5,9,10,86,10,9,25,184,36,2,2,0,2,2,3,0,1,0,0,0,77,12,1,10,0,5,0,65
2020/08/13,52634,1173,10,0,1,0,1,0,1,15,4,9,56,46,206,123,0,5,13,0,1,1,8,3,110,6,6,35,177,48,9,3,0,0,2,5,3,8,1,1,0,143,1,2,9,0,5,0,95
2020/08/14,53990,1356,12,1,0,0,1,0,1,12,4,16,56,51,389,117,0,2,13,0,3,5,8,9,88,7,7,30,192,33,13,1,0,0,4,3,1,11,1,1,0,125,5,5,12,1,3,4,105
2020/08/15,55221,1231,14,0,0,0,2,0,3,7,0,9,52,60,385,136,0,4,13,0,1,3,11,11,72,6,7,22,151,53,5,4,0,0,2,1,0,5,1,1,14,75,10,6,11,3,5,15,47
2020/08/16,56238,1017,8,0,1,0,2,0,0,2,7,19,56,48,260,79,0,1,18,1,0,0,1,7,83,3,6,6,147,37,24,2,0,0,1,2,1,4,2,0,5,73,5,1,4,6,6,27,59
2020/08/17,56885,647,5,0,0,1,1,0,1,4,1,9,35,32,161,51,1,6,19,0,2,1,4,1,43,1,9,19,71,24,9,2,0,1,0,0,0,1,2,0,1,50,3,0,5,10,6,5,38
2020/08/18,57801,916,6,0,0,1,1,0,3,7,5,15,24,37,207,84,3,9,11,0,7,1,4,5,57,3,8,26,185,25,37,11,0,0,2,0,1,4,1,0,0,45,1,4,5,7,21,7,33
2020/08/19,58870,1069,8,0,0,1,0,0,4,13,2,15,62,46,186,95,3,6,19,0,10,2,3,5,57,15,7,38,187,49,10,6,1,1,1,2,5,1,0,1,2,103,4,0,10,10,3,2,69
2020/08/20,60048,1178,25,0,2,2,1,1,7,3,2,14,71,64,339,104,2,5,19,1,3,2,9,2,82,15,5,41,132,34,11,4,0,0,2,5,11,1,3,0,0,70,4,2,15,4,6,3,42
2020/08/21,61085,1037,10,0,0,2,0,0,2,11,2,10,50,54,258,82,0,2,8,1,1,9,1,0,90,13,7,38,166,39,13,4,0,0,2,4,0,7,0,1,1,87,7,1,13,3,6,0,30
2020/08/22,62069,984,17,0,0,0,0,0,2,8,0,13,66,43,256,101,1,3,18,4,1,6,5,6,70,6,11,25,134,33,9,2,0,0,2,2,7,0,0,1,1,68,4,6,11,1,8,1,31
2020/08/23,62813,744,14,0,1,1,0,0,1,5,1,6,31,36,212,49,1,2,16,2,3,3,1,5,50,5,7,13,121,24,8,0,0,1,3,1,4,2,0,1,2,63,4,3,5,0,4,1,25
2020/08/24,63306,493,8,0,0,0,0,0,3,4,0,4,30,27,95,39,0,1,7,1,1,11,4,5,43,11,10,7,60,8,2,2,0,1,3,1,3,3,3,0,0,51,2,3,4,2,4,4,22
2020/08/25,64021,715,7,0,1,0,1,0,6,5,0,8,35,33,182,56,0,8,12,7,1,2,5,8,43,0,14,17,119,23,5,0,0,1,1,1,6,2,0,0,0,53,1,4,5,0,5,2,31
2020/08/26,64924,903,7,0,6,0,2,0,5,12,5,16,54,43,236,85,0,10,7,6,3,9,1,6,50,1,8,31,119,28,4,1,0,0,0,0,15,9,1,0,9,60,2,4,5,3,0,1,34
2020/08/27,65787,863,10,2,0,1,0,0,7,8,1,18,69,45,250,66,1,8,13,13,0,6,2,12,39,6,5,27,94,22,4,0,0,0,1,1,6,4,0,0,0,64,2,7,6,1,1,2,34
2020/08/28,66663,876,16,0,0,5,0,0,5,6,7,6,56,39,226,75,1,6,8,16,0,19,0,6,51,5,8,21,106,26,2,0,0,0,2,2,10,3,3,0,1,66,6,5,7,0,2,5,42
2020/08/29,67507,844,9,0,0,5,1,0,6,4,1,2,55,33,247,106,1,8,7,5,0,18,4,2,45,0,5,17,90,20,2,2,0,0,0,1,7,1,0,0,5,76,2,5,11,0,2,3,31
2020/08/30,68107,600,4,0,0,1,0,1,1,2,0,3,42,39,148,64,0,3,4,11,1,12,0,0,36,3,3,9,62,13,5,0,0,0,0,1,6,0,0,0,1,80,0,1,2,1,1,2,33
2020/08/31,68543,436,8,0,0,3,0,0,3,1,0,3,25,17,100,50,0,3,2,6,0,7,0,0,42,12,6,4,53,8,3,0,0,0,0,0,4,2,0,0,0,30,0,1,9,0,1,1,23
2020/09/01,69176,633,16,0,3,3,0,0,6,4,3,5,46,18,170,59,1,6,27,4,0,5,3,2,24,0,2,22,114,21,5,0,0,0,0,0,2,3,1,0,3,38,0,1,4,2,1,1,0
2020/09/02,69768,592,6,0,0,4,0,0,1,6,1,6,40,24,141,76,1,3,13,4,0,7,4,2,28,3,2,19,96,7,1,1,0,0,0,1,5,4,4,0,1,49,2,0,4,3,0,0,14
2020/09/03,70425,657,6,0,0,12,1,0,4,4,1,12,42,33,211,81,0,3,11,2,1,12,1,1,18,5,4,19,74,13,2,0,0,0,1,0,3,4,2,0,1,36,0,2,6,1,0,5,19
2020/09/04,71012,587,5,0,1,5,0,0,1,8,1,8,24,35,136,108,0,1,4,3,0,4,1,2,33,11,1,24,74,13,5,0,0,0,0,0,0,4,0,0,0,34,0,0,3,2,0,2,27
2020/09/05,71610,598,10,0,0,8,0,0,2,6,0,3,22,28,181,67,0,1,16,2,1,2,0,7,34,25,3,25,76,9,3,1,0,0,0,0,3,0,0,0,1,27,1,0,6,4,1,1,20
2020/09/06,72061,451,4,0,0,3,0,0,3,10,1,8,21,23,116,79,0,0,7,0,1,1,0,0,27,0,0,14,67,16,4,1,0,0,0,0,3,0,0,0,1,35,0,0,2,0,0,0,0
2020/09/07,72352,291,6,0,0,7,0,0,1,0,4,9,14,14,76,29,0,1,4,0,1,3,0,0,21,11,2,8,45,6,0,1,0,0,0,1,0,0,1,0,0,0,1,0,2,0,0,0,18
2020/09/08,72861,509,11,0,0,7,0,0,5,5,2,5,12,32,170,63,1,3,4,1,1,2,2,0,12,8,1,11,81,18,1,1,0,0,0,4,0,1,1,0,2,28,1,0,3,0,0,0,9
2020/09/09,73369,508,4,0,0,11,0,0,2,1,3,5,25,23,149,106,1,1,6,0,0,1,2,5,21,2,1,6,63,22,1,0,0,0,0,0,5,0,0,0,0,26,0,0,3,1,0,1,8
2020/09/10,74081,712,11,0,0,8,0,0,5,4,4,4,30,28,276,112,0,1,4,0,1,2,1,4,36,5,1,7,92,21,2,0,0,0,0,0,4,0,1,0,0,24,1,0,4,0,0,0,16
2020/09/11,74723,642,6,0,0,15,0,0,9,13,5,12,25,31,187,82,0,0,2,0,0,1,5,1,48,5,1,2,120,14,1,1,1,0,0,0,1,0,0,0,3,25,1,0,7,0,1,0,10
2020/09/12,75369,646,7,0,0,12,0,0,4,3,10,24,36,45,226,68,1,0,6,0,0,0,6,0,29,2,3,7,83,20,1,0,8,0,0,2,0,1,2,0,0,14,0,1,4,0,2,0,11
2020/09/13,75808,439,3,0,0,8,0,0,4,3,0,6,22,20,146,53,1,0,0,0,0,0,12,0,33,3,0,8,77,15,0,0,1,0,0,2,0,0,0,0,0,9,0,0,1,0,0,0,10
2020/09/14,76074,266,8,0,0,3,1,0,3,2,21,6,16,11,80,15,0,0,1,0,0,0,2,0,23,3,0,4,32,8,1,0,1,0,1,4,0,0,3,0,0,7,0,1,0,0,1,0,3
2020/09/15,76605,531,8,0,0,18,0,0,3,2,9,14,19,30,191,52,2,0,5,0,0,1,2,2,21,1,1,13,89,23,4,0,0,0,0,2,0,0,0,0,0,11,0,0,1,0,1,1,4
2020/09/16,77156,551,11,0,0,6,0,0,3,2,1,24,29,37,163,101,2,0,0,0,1,2,0,5,22,2,2,9,78,20,0,0,1,0,0,0,0,0,0,0,0,11,0,0,0,0,0,3,8
2020/09/17,77645,489,7,0,0,9,0,0,1,3,6,11,20,34,171,65,5,1,6,0,0,0,0,3,36,1,1,9,57,16,1,0,0,0,0,0,1,0,1,0,0,9,0,0,0,0,0,0,5
2020/09/18,78217,572,17,0,0,5,0,0,0,1,1,27,24,40,220,78,3,1,2,0,0,0,0,3,40,2,1,5,60,12,0,0,1,0,1,1,0,0,0,0,0,8,0,0,1,0,0,0,12
2020/09/19,78813,596,17,0,0,14,1,0,0,1,9,15,23,46,218,68,1,0,6,0,0,2,1,2,31,1,1,8,81,21,1,0,0,0,0,0,0,0,0,0,0,9,0,0,0,0,0,1,13
2020/09/20,79293,480,16,0,0,2,1,0,3,1,2,19,16,35,162,60,3,0,4,0,0,0,0,3,33,1,1,18,59,5,2,0,0,0,0,1,0,0,0,0,0,7,0,0,0,0,0,0,15
2020/09/21,79603,310,15,0,0,2,0,0,4,3,12,7,15,14,97,20,0,0,2,0,0,2,2,0,19,4,1,5,39,27,1,0,0,0,0,3,0,0,0,0,0,1,0,0,0,0,0,1,7
2020/09/22,79934,331,9,0,0,3,0,0,1,2,2,13,14,18,88,38,0,0,4,0,0,0,1,0,9,5,0,7,67,13,1,1,0,0,0,8,0,0,0,0,0,2,0,0,0,0,0,11,6
2020/09/23,80153,219,12,0,0,3,0,0,2,1,6,1,12,20,59,11,0,0,1,0,0,0,3,0,14,3,2,3,39,1,2,1,0,0,0,5,0,0,0,0,0,1,0,0,0,0,0,0,13
2020/09/24,80635,482,11,0,0,8,0,0,4,1,3,4,21,26,193,58,3,0,2,0,0,0,3,0,34,1,2,5,66,8,0,0,0,2,1,3,0,0,0,0,0,5,0,0,1,0,0,4,6
2020/09/25,81208,573,25,0,0,2,0,0,10,1,15,8,27,31,195,78,0,1,8,0,1,0,5,4,38,5,3,5,62,12,2,0,0,1,1,10,0,0,0,0,0,5,0,0,0,0,0,7,6
2020/09/26,81847,639,7,0,0,4,0,0,0,5,1,2,23,38,269,90,2,1,2,0,0,0,5,4,24,5,4,11,66,22,2,0,0,0,2,11,1,0,0,0,0,6,1,0,0,0,0,5,20
2020/09/27,82332,485,19,0,0,3,0,0,5,1,0,1,35,21,144,65,0,0,3,0,1,2,0,2,49,1,5,5,48,16,0,2,0,0,1,16,2,0,0,0,1,4,0,0,0,0,0,6,20
2020/09/28,82634,302,17,1,0,5,0,0,4,11,0,0,20,16,78,17,0,1,0,0,1,0,6,0,19,7,0,8,36,10,5,0,0,0,1,16,0,0,0,0,0,1,0,0,0,0,0,1,14
2020/09/29,83161,527,16,0,0,2,0,0,0,3,1,0,25,40,211,58,0,4,0,0,3,0,1,2,28,1,6,8,51,18,1,1,0,0,0,14,2,0,0,0,0,4,0,0,2,0,0,3,19
2020/09/30,83737,576,16,0,0,7,0,0,2,5,3,2,28,34,194,79,0,2,0,0,4,4,3,7,26,6,1,15,59,15,1,1,0,0,3,15,1,1,0,0,0,8,0,0,1,0,0,2,25
2020/10/01,84370,633,19,0,0,7,0,0,0,2,1,5,33,38,234,78,0,2,1,0,3,1,1,7,21,14,1,5,76,21,5,0,0,0,0,3,0,0,0,0,0,3,0,2,3,0,0,5,29
2020/10/02,84912,542,15,1,0,5,0,0,10,9,1,13,30,34,196,66,0,1,0,0,0,1,0,3,19,2,0,9,50,29,1,0,0,0,0,8,0,0,0,0,0,4,0,0,2,0,0,2,25
2020/10/03,85486,574,18,0,1,7,0,0,0,3,2,6,50,42,205,59,0,0,0,0,1,1,2,6,16,2,0,7,51,15,5,0,0,0,1,14,0,0,0,0,0,7,1,0,8,0,0,1,29
2020/10/04,85886,400,22,0,0,3,5,0,4,5,2,3,35,37,107,37,0,0,0,0,0,1,1,1,18,3,2,4,39,15,1,0,0,0,0,1,0,1,0,1,0,3,0,0,19,0,0,3,20
2020/10/05,86165,279,36,0,0,5,0,0,2,1,1,0,20,22,65,11,0,0,1,0,1,0,0,0,12,0,1,4,31,7,0,0,0,0,3,1,0,0,0,0,0,0,0,0,19,0,0,6,19
2020/10/06,86665,500,12,0,0,8,0,0,3,4,4,5,20,41,176,65,0,0,0,2,1,0,1,0,14,4,1,5,59,18,0,0,0,0,0,5,3,0,0,0,0,4,0,0,13,0,0,5,22
2020/10/07,87171,506,38,0,0,12,0,0,7,12,1,2,39,44,140,54,1,0,0,1,0,3,0,6,15,1,1,4,51,16,2,0,0,0,0,4,2,0,0,0,0,8,2,0,3,0,0,5,26
2020/10/08,87798,627,29,0,0,8,0,1,8,5,0,6,44,39,248,65,5,0,0,1,0,1,0,1,15,0,2,9,49,27,4,1,0,0,1,4,1,0,0,0,0,8,0,1,10,0,0,3,26
2020/10/09,88401,603,27,0,0,13,0,2,8,2,0,6,28,39,203,77,0,0,2,1,0,1,1,0,11,0,1,15,58,16,8,6,0,0,1,5,1,0,0,0,0,11,0,2,21,0,0,0,28
2020/10/10,89079,678,24,0,0,10,0,0,7,6,2,8,100,35,248,63,1,0,0,0,0,2,1,1,21,2,3,20,52,12,0,0,0,0,0,3,1,0,1,0,0,13,0,0,9,0,0,2,19
2020/10/11,89515,436,31,0,0,2,1,0,12,3,0,4,30,43,146,37,2,0,0,0,1,0,1,0,14,1,0,7,45,12,4,0,0,0,0,4,0,0,2,0,1,3,0,0,8,0,0,6,11
2020/10/12,89793,278,12,2,0,5,0,0,3,1,0,2,18,11,78,29,0,0,0,0,0,0,1,1,18,4,1,12,26,8,1,0,0,0,0,12,0,0,0,0,0,1,0,0,12,0,0,1,14
2020/10/13,90291,498,20,0,1,8,0,0,2,0,0,2,31,24,166,54,0,0,2,0,2,0,1,0,24,0,3,29,69,13,3,3,0,0,1,1,0,0,0,0,0,6,1,0,12,0,0,0,14
2020/10/14,90843,552,20,2,0,5,0,0,5,5,8,0,47,31,177,88,0,0,4,0,0,0,2,1,15,2,1,6,61,19,2,0,0,0,4,1,0,0,0,0,0,13,0,0,6,0,1,3,20
2020/10/15,91551,708,30,16,1,4,0,0,8,4,1,1,57,54,284,79,1,0,1,1,0,0,2,4,19,0,1,9,51,14,2,2,0,0,0,3,0,0,1,0,1,5,0,0,6,0,0,3,39
2020/10/16,92190,639,31,26,0,14,0,0,15,4,5,2,52,43,183,85,0,0,1,4,0,3,2,3,21,2,0,7,53,18,3,0,0,0,2,1,0,0,1,1,0,8,1,0,9,1,0,1,30
2020/10/17,92813,623,27,17,0,2,0,0,12,2,5,3,45,32,235,50,0,0,5,0,0,3,0,3,28,3,2,8,50,17,3,1,0,0,2,2,0,9,1,0,0,3,2,1,5,0,0,0,33
2020/10/18,93243,430,24,4,0,2,0,0,3,3,2,5,40,25,132,49,0,0,2,2,0,0,0,0,21,0,2,6,50,13,0,0,0,0,1,1,0,0,0,0,0,3,0,0,4,0,0,0,28
2020/10/19,93559,316,17,18,0,3,0,0,7,0,1,11,22,18,78,23,0,0,0,0,0,0,2,2,15,1,3,3,41,5,0,0,0,0,0,1,0,1,0,0,0,4,0,0,2,0,0,0,35
2020/10/20,94040,481,31,12,0,9,1,0,0,2,5,12,33,40,139,47,0,0,0,0,0,0,3,0,13,1,3,3,65,13,2,4,0,0,1,0,0,3,0,0,0,7,0,0,4,0,0,0,21
2020/10/21,94655,615,22,9,0,6,1,1,5,1,2,9,50,49,145,88,0,0,0,0,3,1,4,3,36,0,1,11,82,14,2,1,0,0,11,1,1,1,1,0,0,7,1,0,4,0,0,0,37
2020/10/22,95271,616,40,6,0,1,0,2,4,4,0,14,45,43,185,55,0,0,0,0,0,2,9,2,19,3,2,13,78,17,3,6,0,0,3,0,1,1,1,0,0,9,0,0,5,0,0,0,38
2020/10/23,96016,745,51,9,1,20,0,0,1,2,3,19,40,54,186,90,0,0,2,0,1,1,8,3,43,1,2,8,100,21,3,2,0,0,6,2,2,0,0,0,0,5,0,1,8,0,0,0,45
2020/10/24,96742,726,60,17,0,7,0,0,6,2,0,19,41,41,201,60,1,0,0,0,0,1,3,4,42,0,2,5,96,48,1,2,0,0,4,1,0,0,0,0,0,5,1,1,1,0,1,0,40
2020/10/25,97235,493,41,3,0,30,0,0,1,2,1,9,17,36,124,60,1,0,1,0,0,3,1,0,16,0,1,3,70,15,0,2,2,0,5,1,0,0,0,0,2,6,0,0,1,0,0,0,31
2020/10/26,97645,410,50,11,0,8,0,2,0,2,0,3,34,25,102,22,0,0,1,0,3,0,0,4,37,0,1,7,43,6,1,0,0,1,3,0,0,0,0,0,0,4,0,0,3,0,0,0,29
2020/10/27,98291,646,27,16,0,45,0,0,1,1,3,4,29,44,158,64,0,0,1,0,3,0,0,9,35,0,4,8,142,10,0,0,1,0,9,1,0,0,0,0,1,5,0,0,3,0,0,0,22
2020/10/28,99022,731,52,7,0,24,0,0,0,6,2,10,44,40,171,64,0,0,3,0,3,1,0,15,51,0,3,14,117,29,5,1,0,0,15,1,0,0,0,0,1,8,0,0,7,0,0,1,29
2020/10/29,99830,808,53,5,0,10,0,0,0,7,2,6,39,43,220,71,1,1,0,0,0,3,5,16,87,1,0,11,125,17,4,0,0,0,31,1,0,0,0,0,0,5,0,0,4,0,0,4,32
2020/10/30,100604,774,69,5,0,11,0,0,0,7,3,4,61,34,203,60,0,0,3,0,1,1,4,10,51,7,1,13,137,20,4,1,0,0,12,0,0,0,0,0,0,10,0,0,5,0,0,2,26
2020/10/31,101481,877,81,5,0,26,2,0,1,4,2,6,29,37,215,65,1,0,4,1,3,2,5,10,97,2,5,19,143,28,10,1,0,0,13,3,0,0,0,0,0,9,0,1,6,0,0,0,32
2020/11/01,102094,613,69,9,0,16,0,0,0,2,0,1,33,24,116,65,0,0,2,0,0,2,1,4,48,1,1,15,123,15,11,0,0,0,5,0,0,0,0,0,0,5,0,0,5,0,0,5,27
2020/11/02,102581,487,96,8,0,29,1,0,1,3,1,1,26,21,87,22,0,0,0,0,2,1,6,1,44,2,4,7,74,10,5,2,0,0,0,0,0,0,0,0,0,4,2,0,6,0,0,0,13
2020/11/03,103446,865,71,1,2,16,0,0,12,2,2,3,30,40,209,68,0,0,1,0,0,5,5,14,85,1,3,13,156,52,11,0,0,0,12,0,2,0,0,0,0,2,8,0,6,0,2,8,19
2020/11/04,104070,624,75,11,0,16,0,0,0,4,1,5,42,30,122,44,0,0,0,0,3,1,2,5,53,5,3,9,85,36,4,1,0,0,6,3,0,0,1,0,0,9,2,0,11,0,2,5,16
2020/11/05,105118,1048,119,8,0,18,3,0,8,10,1,3,32,58,269,109,2,1,2,0,4,0,10,10,79,1,21,11,125,43,15,2,0,0,6,2,8,0,1,0,0,5,0,1,11,0,1,17,27
2020/11/06,106261,1143,115,5,1,13,0,0,1,7,2,5,114,42,242,104,1,0,1,0,4,1,16,17,82,12,9,24,169,49,17,0,4,0,8,3,0,3,0,1,0,17,1,3,7,1,0,13,21
2020/11/07,107594,1333,187,2,0,18,0,0,3,10,2,6,69,61,294,137,2,0,3,1,4,18,3,30,113,8,6,20,191,31,15,6,1,0,9,3,2,0,1,0,0,8,1,0,4,0,0,5,32
2020/11/08,108544,950,153,2,0,13,0,1,2,12,0,1,44,44,189,77,7,0,3,1,8,1,6,13,81,1,2,21,140,32,11,2,0,0,6,3,0,0,2,0,0,4,0,0,7,1,1,11,29
2020/11/09,109324,780,200,1,1,7,0,1,3,7,1,2,51,32,156,36,3,0,1,3,2,14,7,6,57,1,18,8,78,20,8,1,7,0,2,2,0,1,0,0,0,4,6,0,3,0,0,3,18
2020/11/10,110607,1283,166,0,2,20,1,1,0,9,4,5,67,48,293,98,2,1,1,4,13,3,13,16,128,2,5,13,226,58,9,2,1,0,1,2,6,2,1,0,0,23,0,0,3,0,0,5,25
2020/11/11,112151,1544,197,1,8,33,0,3,1,20,2,5,116,65,316,130,16,0,1,2,11,6,10,21,104,4,11,18,256,70,16,7,0,0,7,2,2,0,2,0,0,21,1,0,6,1,0,5,36
2020/11/12,113810,1659,236,0,10,18,2,2,2,26,2,5,75,74,392,147,6,0,2,1,8,13,20,13,143,3,11,17,231,81,17,6,0,0,6,2,1,0,3,4,0,16,1,0,11,1,0,1,24
2020/11/13,115514,1704,235,0,13,30,0,0,7,26,2,9,83,60,374,146,2,0,0,2,6,23,11,16,148,4,0,28,263,69,23,4,1,0,13,3,14,0,1,2,0,16,0,1,10,0,0,5,48
2020/11/14,117249,1735,230,3,5,10,1,2,3,40,4,0,104,88,352,147,0,2,1,1,0,19,4,36,152,6,8,24,285,79,21,10,0,0,12,6,10,1,0,0,0,7,2,0,16,1,0,1,26
2020/11/15,118688,1439,209,0,6,5,2,1,4,21,3,5,80,60,255,114,2,1,2,0,2,13,9,24,102,4,8,22,266,79,8,8,0,0,17,7,8,0,1,6,0,12,0,1,12,0,0,3,45
2020/11/16,119638,950,189,1,2,7,0,1,3,10,1,5,87,77,180,61,0,1,0,2,5,10,14,12,63,1,9,11,73,40,11,7,0,0,3,6,1,0,7,1,0,8,1,0,3,4,1,1,27
2020/11/17,121338,1700,197,1,9,32,1,0,3,55,6,3,88,79,298,133,33,1,0,4,3,24,13,15,138,7,11,49,271,106,9,5,0,1,7,2,12,2,1,8,0,11,1,1,14,11,1,2,24
2020/11/18,123532,2194,233,0,3,19,0,2,12,39,4,10,126,66,486,226,14,5,0,11,1,30,19,87,141,17,14,39,273,103,28,8,1,0,24,14,6,1,3,6,0,22,4,1,7,10,10,16,41
2020/11/19,125917,2385,267,0,8,15,0,5,5,28,15,20,108,106,531,205,1,3,1,6,6,20,20,61,219,21,12,14,339,132,32,15,0,0,15,4,18,1,2,10,0,22,6,1,5,7,3,9,53
2020/11/20,128338,2421,304,0,15,14,0,2,8,40,8,22,96,90,522,208,11,3,0,3,6,22,15,59,202,18,12,26,370,129,23,11,0,0,13,7,22,1,2,12,0,35,0,3,8,12,11,7,40
2020/11/21,130930,2592,234,0,15,16,0,0,8,66,8,17,172,109,539,192,9,1,2,2,10,25,21,60,211,22,10,35,416,152,22,7,0,0,27,8,17,2,2,19,2,36,3,3,12,1,14,3,42
2020/11/22,133089,2159,245,0,10,9,0,2,2,47,14,12,114,80,390,162,6,3,2,2,4,14,7,44,144,15,5,24,485,138,12,5,0,0,13,9,9,1,0,23,0,30,0,1,6,10,14,2,32
2020/11/23,134607,1518,205,1,4,16,0,0,2,32,1,8,88,59,315,70,13,1,0,1,7,12,14,47,95,11,5,14,281,77,21,11,0,0,10,12,4,0,1,26,2,9,0,1,3,4,5,5,16
2020/11/24,135836,1229,216,0,14,12,1,0,1,26,11,16,43,42,188,67,3,1,1,1,7,11,7,27,110,5,7,13,209,77,15,8,1,0,7,8,1,0,0,17,0,11,4,1,2,5,6,0,16
2020/11/25,137778,1942,181,3,7,19,8,1,1,36,11,18,99,73,402,159,8,3,2,1,4,9,30,55,177,18,9,31,319,98,11,5,2,1,15,1,7,0,2,14,1,28,2,1,5,10,10,5,27
2020/11/26,140278,2500,256,1,13,21,1,1,6,50,4,30,159,82,482,252,1,3,5,4,0,16,16,72,198,27,4,33,326,184,22,6,2,1,14,14,4,1,1,18,0,52,1,1,15,8,9,5,73
2020/11/27,142809,2531,252,2,4,13,5,5,4,45,8,31,103,107,570,219,1,4,3,3,2,16,29,58,234,15,13,31,383,103,26,14,0,1,24,13,5,1,3,13,0,58,0,4,11,9,19,9,38
2020/11/28,145484,2675,252,0,4,13,1,6,6,66,12,29,118,113,561,214,3,1,0,2,0,21,20,81,217,29,3,30,462,143,17,8,0,1,15,23,9,0,4,8,0,55,7,0,4,18,7,2,76
2020/11/29,147546,2062,192,0,8,7,0,11,3,31,15,18,138,75,419,149,2,1,4,0,0,12,21,66,155,18,3,17,381,111,17,10,0,0,9,25,3,0,1,7,1,43,0,2,8,7,7,5,45
2020/11/30,148982,1436,151,8,3,9,0,2,2,23,4,12,65,68,312,83,0,0,3,2,6,15,17,42,109,14,3,8,261,55,19,6,0,1,7,11,2,0,4,3,2,27,2,0,5,15,12,1,32
2020/12/01,151015,2033,206,4,10,11,0,3,0,50,26,32,103,74,370,158,5,1,6,3,9,18,21,42,197,7,10,22,325,122,16,10,1,1,10,16,5,0,1,6,5,33,10,2,18,14,10,3,27
2020/12/02,153447,2432,174,8,4,9,0,4,5,44,24,44,150,76,501,214,4,1,2,0,9,12,26,58,219,15,4,21,427,123,34,9,1,0,10,24,7,0,6,7,8,42,6,0,11,15,8,5,46
2020/12/03,155964,2517,206,8,4,21,0,7,3,37,14,29,149,82,532,197,8,0,1,1,19,12,42,64,195,25,8,22,389,171,39,7,1,4,10,46,4,1,1,5,15,31,4,0,8,18,7,11,49
2020/12/04,158416,2452,212,6,1,21,0,3,14,85,17,29,163,75,459,188,2,0,2,1,11,14,34,41,215,22,4,35,394,129,32,7,0,0,5,48,4,2,4,7,16,45,4,0,15,18,9,5,47
2020/12/05,160924,2508,183,3,7,21,0,6,5,31,13,30,168,74,584,191,4,1,3,0,21,12,32,34,219,13,6,44,403,149,26,5,2,1,11,35,3,1,4,2,19,41,3,0,8,18,8,6,41
2020/12/06,162962,2038,187,6,0,18,0,15,12,24,17,17,162,78,328,134,2,0,5,0,9,17,18,40,170,10,2,43,322,120,14,13,0,4,12,60,1,0,1,4,18,41,1,3,9,19,12,14,39
2020/12/07,164493,1531,124,13,0,8,0,4,6,12,16,13,90,53,301,65,3,0,2,1,7,20,15,35,111,7,10,26,237,106,22,4,2,1,9,42,4,0,10,4,13,65,4,0,8,11,9,10,12
2020/12/08,166669,2176,204,2,4,17,0,9,6,34,17,32,172,80,354,152,4,0,5,4,2,15,40,20,199,10,6,63,259,145,21,9,1,0,12,52,4,2,17,3,17,85,6,1,27,10,3,18,27
2020/12/09,169479,2810,197,9,1,43,0,10,6,14,18,49,145,91,574,245,6,0,5,3,6,25,36,38,245,19,10,75,427,157,33,12,1,0,11,77,4,0,4,1,18,54,7,1,16,21,5,40,43
2020/12/10,172448,2969,241,4,5,38,0,15,7,19,22,44,187,150,601,213,5,2,4,2,3,29,45,45,242,25,5,54,418,148,24,10,0,7,13,70,5,0,3,1,20,79,13,12,27,25,5,30,45
2020/12/11,175243,2795,177,6,22,46,0,7,17,24,17,46,184,116,596,285,6,5,11,0,6,17,25,25,198,17,5,57,357,98,22,7,0,0,16,110,2,0,0,2,11,122,4,7,25,26,5,25,32
2020/12/12,178281,3038,188,7,43,35,2,22,17,38,21,40,199,121,621,223,10,4,8,0,5,32,55,38,206,14,5,75,429,135,32,6,0,0,22,104,4,0,1,2,27,86,7,11,32,18,7,17,51
2020/12/13,180665,2384,164,2,7,29,2,13,12,14,10,40,143,111,481,231,10,1,3,1,0,16,37,34,181,13,6,59,308,111,25,3,0,1,38,76,2,0,0,1,18,70,2,13,29,8,15,10,20
2020/12/14,182346,1681,125,2,4,16,0,12,11,25,10,31,102,80,305,121,8,1,6,0,3,20,11,27,114,17,6,40,185,65,18,3,1,2,27,110,2,0,0,1,11,58,4,7,30,6,6,14,19
2020/12/15,184771,2425,104,7,9,37,0,16,15,18,35,25,170,119,457,226,6,2,6,1,5,14,35,24,216,14,8,71,306,144,18,5,0,0,21,71,3,0,1,3,36,69,6,10,32,12,7,12,21
2020/12/16,187767,2996,86,1,3,45,0,9,21,23,23,63,179,123,681,287,4,3,8,4,4,15,41,31,248,17,9,97,396,135,25,6,0,2,32,92,1,1,4,7,28,141,8,7,25,9,6,9,36
2020/12/17,190976,3209,139,7,9,54,0,6,14,28,30,48,196,148,822,319,3,4,8,0,4,7,44,37,238,12,8,84,351,164,21,2,0,4,27,137,4,0,1,2,23,107,5,7,34,13,10,4,18
2020/12/18,193813,2837,141,0,0,16,0,6,10,17,21,48,201,150,664,295,7,3,9,0,6,10,53,24,219,7,9,79,309,128,24,2,0,4,26,83,8,0,0,2,10,139,2,18,29,3,12,6,32
2020/12/19,196802,2989,132,0,3,47,1,7,15,19,13,30,226,128,736,314,7,5,7,0,11,10,36,30,230,9,15,81,311,126,28,1,1,1,60,97,5,1,0,0,13,134,4,7,30,7,11,7,20
2020/12/20,199293,2491,135,0,5,33,0,5,40,16,20,36,158,119,556,238,5,2,6,0,4,13,13,15,160,13,6,63,251,103,25,5,0,2,111,93,6,2,2,1,23,98,0,23,21,8,8,2,21
2020/12/21,201104,1811,110,1,1,6,0,10,19,16,17,17,117,117,397,188,3,9,7,0,0,4,17,13,92,7,20,47,180,44,31,4,1,0,29,78,4,1,1,0,17,93,2,19,14,2,3,4,21
2020/12/22,203799,2695,74,5,5,41,1,6,2,19,34,23,196,152,570,348,5,4,7,0,4,3,35,30,190,10,11,81,283,190,26,5,4,0,13,77,4,0,2,4,31,88,6,26,25,4,3,9,21
2020/12/23,207075,3276,114,7,2,51,8,4,24,19,33,28,230,141,758,346,9,2,6,1,10,8,56,35,239,15,14,88,312,167,36,3,5,5,35,123,14,2,20,3,24,156,7,12,30,7,7,15,35
2020/12/24,210821,3746,123,4,5,48,1,11,31,39,24,43,251,234,895,494,15,16,18,1,7,10,56,38,270,11,16,107,289,152,34,0,0,3,27,98,8,1,27,7,19,149,9,35,31,9,7,15,48
2020/12/25,214653,3832,97,7,5,48,8,10,31,27,35,53,296,212,890,466,14,13,12,4,6,17,38,28,265,11,28,121,294,231,30,1,5,1,31,141,9,0,7,9,12,142,6,26,68,7,10,9,41
2020/12/26,218538,3885,161,8,10,56,10,6,21,27,42,37,265,201,954,479,17,3,12,2,3,17,45,31,265,13,49,135,299,175,31,3,3,4,28,108,13,0,8,9,14,160,4,19,51,14,11,17,36
2020/12/27,221482,2944,85,6,9,39,2,5,21,27,28,38,211,105,708,343,2,1,12,1,7,21,45,24,216,14,25,94,233,161,37,2,8,8,21,85,8,0,9,8,8,137,2,29,31,3,4,20,30
2020/12/28,223890,2408,94,10,7,28,1,3,10,31,31,21,184,175,491,334,0,5,6,2,12,3,45,12,122,12,14,59,150,107,30,2,6,3,19,50,13,0,6,16,8,142,5,18,37,19,13,19,21
2020/12/29,227505,3615,87,15,1,39,6,9,11,43,83,29,298,216,869,394,15,2,10,2,10,11,74,27,235,11,26,84,302,192,24,2,10,2,23,88,24,0,8,14,8,151,7,27,55,15,4,8,38
2020/12/30,231374,3869,133,6,2,34,4,4,17,37,56,56,244,218,961,432,12,3,14,3,13,23,67,46,294,25,27,96,307,188,30,7,7,0,32,84,11,1,5,12,12,189,7,15,44,13,12,13,47
2020/12/31,235908,4534,167,23,3,26,4,5,20,28,73,37,330,252,1353,587,8,7,7,2,8,20,83,27,239,18,21,109,313,192,38,9,1,0,23,87,15,2,3,8,9,190,4,29,32,22,18,10,58
2021/01/01,239163,3255,98,10,4,30,3,3,12,42,56,24,220,144,793,470,5,3,13,0,8,23,56,36,193,6,24,103,262,128,37,13,0,2,27,73,2,1,2,6,6,158,1,20,30,11,26,15,48
2021/01/02,242234,3071,77,4,2,4,0,1,13,20,56,42,213,235,829,380,10,10,13,4,5,11,36,42,158,14,23,83,258,104,36,11,4,4,23,76,3,0,2,6,7,124,5,28,26,11,30,2,12
2021/01/03,245400,3166,68,10,3,20,3,6,14,52,72,31,205,225,826,365,10,5,8,0,7,25,58,29,185,13,38,89,252,98,32,12,4,1,27,72,5,0,3,7,11,104,3,30,22,9,30,27,27
2021/01/04,248743,3343,93,10,0,18,3,5,26,32,69,37,243,195,905,412,7,10,14,1,17,18,52,34,152,15,37,76,286,116,21,9,2,0,33,46,12,5,4,9,2,128,23,24,34,10,32,12,36
2021/01/05,253688,4945,79,7,6,37,8,5,24,67,111,44,368,261,1315,622,10,16,20,2,17,44,98,34,273,30,24,102,394,217,32,17,9,1,51,77,23,5,8,25,7,187,10,55,63,16,38,22,53
2021/01/06,259733,6045,115,14,2,52,2,10,40,71,132,59,394,310,1640,591,20,32,12,14,19,50,102,87,364,33,50,119,560,246,22,18,15,1,59,76,8,7,14,23,4,314,11,43,69,26,80,36,72
2021/01/07,267372,7639,161,8,3,75,2,1,29,90,130,83,459,450,2520,679,9,21,25,4,35,79,91,82,431,27,53,143,607,284,26,21,6,2,66,93,16,0,32,28,12,386,21,58,63,19,105,27,66
2021/01/08,275321,7949,181,9,5,61,4,4,38,127,150,100,496,455,2459,838,16,31,17,7,36,67,83,92,405,42,40,147,654,297,56,16,3,3,46,119,12,5,34,38,9,369,24,43,101,17,72,32,82
2021/01/09,283169,7848,215,5,7,72,2,8,39,109,138,63,517,477,2332,995,13,19,15,10,20,41,105,116,362,49,57,126,647,324,44,15,3,3,80,63,17,5,11,23,4,326,13,60,86,13,76,39,70
2021/01/10,289274,6105,188,2,12,63,6,3,46,84,118,74,414,388,1510,727,21,10,19,0,15,68,64,127,343,43,25,146,532,268,46,15,0,3,32,53,21,3,13,32,7,283,22,18,82,8,49,17,74
2021/01/11,294180,4906,135,6,3,31,1,1,28,67,106,36,346,340,1252,694,18,13,6,2,7,73,50,53,198,23,24,142,479,154,29,14,0,0,52,61,13,1,14,27,2,212,7,22,57,9,29,15,41
2021/01/12,298769,4589,145,2,2,20,2,1,23,70,82,40,260,415,1025,905,18,14,5,0,20,51,35,39,132,25,24,108,374,160,26,9,1,0,33,33,10,35,6,32,6,199,32,24,66,14,13,20,27
2021/01/13,304684,5915,109,13,10,52,2,0,32,77,141,58,391,422,1480,767,23,12,10,3,21,35,75,92,319,33,18,145,536,285,31,12,4,1,37,60,13,3,13,13,14,251,32,38,81,17,41,21,66
2021/01/14,311337,6653,194,25,5,87,3,3,29,104,77,60,455,488,1552,984,18,13,19,9,21,51,91,110,312,28,49,131,592,292,29,21,3,3,38,48,18,4,17,28,3,341,26,39,77,16,48,17,70
2021/01/15,318508,7171,202,15,5,52,8,2,36,159,96,80,489,504,2044,871,15,15,20,25,13,57,78,90,352,45,37,120,568,276,44,17,2,2,35,34,19,12,37,24,4,361,35,37,78,12,46,14,73
2021/01/16,325547,7039,192,13,3,44,7,2,37,106,96,90,582,503,1839,829,7,13,22,7,10,61,89,86,323,40,30,140,629,263,39,16,2,1,35,55,37,3,6,14,4,411,18,33,89,19,28,25,129
2021/01/17,331306,5759,124,8,10,40,12,1,38,89,54,54,433,428,1595,794,6,6,16,4,7,52,52,67,218,26,19,154,464,288,38,13,0,1,34,37,17,4,8,11,5,300,14,19,40,10,38,14,89
2021/01/18,336242,4936,125,1,4,35,8,0,21,63,84,37,328,363,1217,957,0,8,12,9,9,25,46,27,151,17,24,110,431,148,44,20,1,0,31,28,88,6,9,16,9,204,28,17,46,7,29,16,67
2021/01/19,341573,5331,92,12,4,61,3,4,14,66,94,48,421,487,1253,737,14,5,19,5,9,14,65,40,246,22,27,143,525,216,26,19,6,2,22,24,47,8,8,22,12,200,19,39,52,6,29,14,113
2021/01/20,347134,5561,164,4,8,45,8,6,35,83,44,52,411,397,1286,716,7,10,17,1,5,49,55,76,246,26,42,123,507,296,39,24,0,2,30,57,18,23,10,17,16,277,20,32,39,16,51,59,111
2021/01/21,352796,5662,130,6,1,51,2,2,16,82,49,65,435,480,1485,731,20,7,20,5,5,25,57,60,270,34,28,140,501,236,38,20,2,3,29,29,10,10,12,25,6,285,26,25,40,33,28,23,67
2021/01/22,357849,5053,111,2,1,51,6,1,14,78,54,53,358,462,1184,627,23,7,10,4,6,27,43,61,246,54,38,130,450,283,40,17,3,0,20,44,30,12,11,18,2,235,18,25,27,26,18,14,103
2021/01/23,362575,4726,138,9,2,48,7,1,37,132,40,36,325,411,1079,521,7,4,13,5,4,26,42,50,246,40,30,121,525,225,35,10,2,0,16,23,51,9,6,22,3,214,10,11,39,18,22,27,79
2021/01/24,366564,3989,94,0,1,24,5,1,25,46,29,23,285,328,986,553,7,4,6,4,0,29,29,51,164,24,31,115,421,178,28,17,5,0,9,23,23,4,4,9,5,224,13,13,43,10,12,5,76
2021/01/25,369327,2763,88,4,0,11,3,0,14,45,18,32,250,290,619,351,5,1,1,4,3,9,39,32,89,24,28,91,273,80,18,9,1,0,21,25,10,5,0,6,2,154,12,11,16,6,4,14,41
2021/01/26,373180,3853,106,10,1,27,1,5,29,49,41,13,253,340,1026,394,6,1,14,12,11,23,61,45,215,33,31,113,343,153,24,10,1,3,18,17,41,3,9,8,3,155,13,16,21,31,25,13,84
2021/01/27,377153,3973,147,4,6,27,2,10,25,84,38,52,247,258,976,386,12,8,5,8,0,23,49,60,227,43,31,128,357,211,26,13,0,5,18,36,18,4,11,15,1,185,7,11,22,14,17,10,131
2021/01/28,381284,4131,115,4,0,27,2,7,15,60,34,33,291,314,1065,433,21,6,5,2,0,17,53,89,244,29,10,109,397,231,26,8,0,4,18,29,21,7,10,1,6,185,7,28,15,22,17,13,96
2021/01/29,384820,3536,111,3,0,13,5,7,14,86,44,41,256,339,871,385,11,5,4,3,2,12,27,38,164,17,30,89,345,161,30,15,0,10,12,34,14,1,6,7,6,159,2,18,19,20,14,19,63
2021/01/30,388159,3339,106,9,1,23,0,13,11,69,24,31,304,317,770,397,5,2,4,1,0,12,28,49,126,28,18,82,338,137,20,7,0,1,14,38,14,1,9,16,5,153,6,30,13,10,5,11,76
2021/01/31,390832,2673,104,6,0,17,1,3,9,63,16,61,242,212,634,390,6,2,7,4,1,8,19,15,121,14,8,76,214,111,24,9,1,3,9,14,17,1,10,0,1,127,5,4,8,13,11,13,39
2021/02/01,392623,1791,76,0,0,7,0,3,8,28,3,25,159,191,393,221,1,1,4,3,0,2,17,18,80,15,9,63,178,60,30,2,3,1,7,12,5,1,12,2,4,63,2,4,4,8,12,10,35
2021/02/02,394946,2323,105,7,3,9,1,4,2,29,17,38,247,222,556,187,10,3,7,0,1,8,36,22,101,29,26,56,211,134,19,6,1,2,9,14,10,3,8,1,0,77,4,7,10,11,17,5,46
2021/02/03,397575,2629,94,6,6,11,4,3,13,39,12,39,257,218,676,234,7,0,11,0,5,16,51,24,114,27,22,43,244,120,34,14,1,2,12,15,22,0,5,1,0,118,8,3,7,14,13,3,59
2021/02/04,400150,2575,120,6,4,9,1,3,9,64,27,53,241,202,734,224,13,2,10,2,1,5,24,22,101,26,20,42,207,111,26,6,1,0,9,7,7,3,8,3,1,120,4,3,8,15,7,3,58
2021/02/05,402521,2371,93,2,2,11,2,3,9,56,24,43,227,238,577,288,2,2,25,0,1,9,37,34,86,13,15,32,209,96,19,7,1,1,5,9,4,0,6,4,3,91,6,9,4,9,6,9,41
2021/02/06,404798,2277,78,2,2,13,0,7,7,58,17,27,205,226,639,201,7,0,14,2,0,1,25,27,120,27,18,37,188,91,17,8,1,2,10,7,9,2,10,5,5,99,1,8,6,8,2,4,32
2021/02/07,406428,1630,69,4,1,8,0,0,3,50,10,22,187,121,429,164,3,1,30,0,4,6,21,11,72,6,5,30,117,53,13,2,0,0,16,11,10,1,5,4,2,93,2,3,4,3,2,3,27
2021/02/08,407644,1216,50,0,0,0,0,0,3,31,3,14,120,155,276,121,2,1,7,1,1,3,28,7,43,5,13,21,119,33,10,3,0,0,3,10,6,0,3,4,1,57,3,2,3,7,0,6,40
2021/02/09,409212,1568,41,6,2,5,0,1,7,40,14,21,173,98,412,141,10,1,10,6,4,2,21,21,84,7,10,27,155,67,9,2,0,2,6,10,15,2,4,6,1,71,5,4,3,4,8,10,19
2021/02/10,411097,1885,64,40,2,6,0,4,6,33,20,29,169,145,491,176,7,1,16,0,0,5,28,10,114,10,9,27,127,93,16,5,0,0,7,5,15,21,2,3,0,103,6,7,4,5,15,10,27
2021/02/11,412787,1690,92,4,1,1,0,0,11,46,9,22,172,127,434,178,14,2,25,0,1,0,15,15,80,8,14,21,141,52,5,11,0,2,6,9,6,1,7,0,4,110,1,4,5,7,5,4,16
2021/02/12,414087,1300,75,0,0,2,0,0,13,21,11,13,124,117,307,154,7,1,15,0,7,0,17,8,53,9,9,27,89,38,4,11,0,0,10,7,5,4,1,3,5,87,1,2,5,2,0,16,16
2021/02/13,415447,1360,39,7,1,5,0,1,9,19,16,18,163,98,369,105,10,0,16,2,1,0,13,15,59,9,12,23,142,55,10,3,0,0,4,8,3,1,1,0,1,64,1,3,3,10,13,11,11
2021/02/14,416809,1362,52,4,1,10,0,2,6,38,8,34,131,108,371,108,2,1,30,0,1,0,23,23,76,10,11,20,98,44,13,4,0,0,3,10,2,2,4,0,2,69,0,0,4,1,8,8,18
2021/02/15,417774,965,41,1,3,4,0,0,6,19,9,17,94,136,266,71,3,4,11,0,1,2,13,10,42,4,9,7,69,27,5,4,0,0,4,12,2,4,2,0,1,46,0,0,4,1,3,2,5
2021/02/16,419082,1308,44,4,6,9,0,0,3,21,10,14,114,145,350,133,3,3,21,1,0,2,26,15,63,15,7,17,98,46,10,2,0,0,5,15,5,7,3,0,5,48,0,1,5,4,2,12,13
2021/02/17,420528,1446,64,2,9,2,0,0,7,26,9,28,130,130,378,115,8,0,14,4,4,0,12,32,81,12,16,17,133,74,15,1,0,0,4,9,2,4,0,0,0,65,0,2,7,4,1,1,20
2021/02/18,422064,1536,32,0,4,7,0,1,12,39,15,14,210,149,445,142,5,2,15,2,1,3,13,23,51,20,5,18,89,46,13,2,0,1,2,7,3,3,3,3,2,101,0,2,4,5,2,3,17
2021/02/19,423365,1301,43,0,6,12,0,2,6,22,7,15,141,146,353,129,4,1,17,5,1,2,11,36,51,14,8,17,91,31,13,2,1,0,1,1,0,2,1,12,0,60,1,3,3,4,3,1,18
2021/02/20,424598,1233,34,0,4,14,0,0,5,38,16,9,121,123,327,131,2,4,18,0,0,4,3,22,46,11,15,16,94,42,5,1,0,0,2,3,1,1,6,3,0,71,8,4,5,3,2,1,13
2021/02/21,425630,1032,63,0,0,9,0,0,0,46,9,13,84,163,272,100,2,1,12,0,0,0,11,18,33,11,8,9,60,27,5,0,0,0,3,3,2,0,5,3,0,32,8,8,0,2,1,1,7
2021/02/22,426370,740,21,0,0,0,0,0,4,14,0,6,101,99,178,96,0,0,6,0,1,0,9,12,30,4,14,7,62,14,3,0,0,0,4,5,0,0,2,2,0,26,5,0,0,1,0,2,10
2021/02/23,427451,1081,66,1,0,12,0,0,12,16,11,21,105,90,275,97,9,2,14,0,0,0,12,31,50,6,13,7,100,24,3,1,0,1,2,4,1,0,3,3,0,45,11,3,1,2,1,7,17
2021/02/24,428372,921,43,0,0,5,0,1,2,58,12,14,59,127,213,93,11,0,12,2,3,1,13,26,46,10,13,7,62,18,3,1,0,2,2,5,2,1,3,1,0,26,4,1,0,0,2,4,12
2021/02/25,429447,1075,43,1,0,5,0,4,19,13,13,6,111,107,340,119,3,0,8,0,0,0,8,10,41,5,8,7,82,35,6,0,0,0,0,6,2,1,0,2,0,39,12,0,0,1,2,0,15
2021/02/26,430500,1053,36,2,0,5,0,0,10,28,5,37,100,113,270,116,15,0,11,0,0,4,3,18,40,8,12,8,77,24,3,0,2,0,4,3,3,1,0,3,0,52,8,0,1,0,0,0,23
2021/02/27,431714,1214,43,0,1,19,0,1,12,30,12,32,118,151,337,162,6,0,4,1,0,1,3,26,53,12,18,7,69,21,3,1,0,0,1,0,3,0,2,1,0,31,2,1,0,2,0,3,19
2021/02/28,432713,999,27,0,0,14,0,0,16,15,3,11,97,132,329,131,4,0,6,0,0,0,3,15,31,7,5,3,54,26,2,1,0,0,5,2,2,2,1,1,0,23,3,2,4,2,0,0,15
2021/03/01,433411,698,29,0,0,9,0,0,15,53,8,15,61,127,121,52,5,0,6,0,0,0,10,10,32,4,3,3,56,21,7,1,0,0,2,2,0,0,0,1,0,17,6,0,1,0,0,0,7
2021/03/02,434299,888,29,1,0,21,0,0,7,18,12,11,102,87,232,84,6,0,5,0,1,0,9,18,34,9,11,3,81,44,3,0,0,0,2,5,2,0,2,0,3,19,4,0,1,1,2,1,17
2021/03/03,435542,1243,60,0,0,27,0,0,38,34,7,17,98,164,316,138,1,0,8,0,1,0,9,21,55,4,17,7,98,40,4,0,0,0,8,4,1,1,0,1,0,37,2,0,3,1,0,0,18
2021/03/04,436711,1169,66,1,0,22,0,0,34,37,11,21,123,107,279,138,3,2,3,0,0,0,5,9,68,4,26,3,81,20,5,2,0,0,10,2,0,4,1,0,9,37,3,0,2,1,0,0,28
2021/03/05,437859,1148,64,2,1,22,0,0,19,44,14,12,90,137,301,131,10,0,3,0,0,4,6,23,50,5,14,7,74,36,11,1,0,0,3,3,0,3,1,1,5,25,5,0,5,1,0,0,13
2021/03/06,438909,1050,47,0,0,34,0,0,11,28,12,17,113,108,293,113,5,1,1,0,0,1,9,9,35,10,8,9,82,15,7,0,0,0,9,4,0,1,1,0,1,29,1,0,2,0,0,0,27
2021/03/07,439973,1064,84,0,0,32,0,0,24,21,9,6,123,113,237,119,7,1,0,0,0,5,3,24,27,2,13,12,76,41,7,0,0,0,5,2,1,0,2,0,1,34,12,0,0,0,0,0,18
2021/03/08,440573,600,63,0,0,29,0,1,10,22,6,10,65,73,116,59,7,0,0,1,0,0,0,12,8,1,13,13,38,9,5,0,0,0,3,7,1,0,1,0,0,15,4,0,0,0,0,0,7
2021/03/09,441700,1127,63,2,0,35,0,1,16,26,22,6,106,82,290,100,15,0,2,0,0,5,6,14,39,3,32,9,103,41,5,1,0,0,10,3,2,0,2,1,1,34,20,1,5,0,0,0,22
2021/03/10,443013,1313,65,6,0,36,0,0,23,33,13,16,135,106,340,124,13,0,0,0,0,6,3,50,44,9,8,27,84,41,13,2,0,0,16,1,0,0,2,1,1,49,11,0,5,0,0,0,26
2021/03/11,444330,1317,71,10,2,53,0,8,16,35,17,11,126,122,335,124,10,0,0,0,5,4,1,25,66,8,13,17,88,58,5,1,0,0,11,1,0,1,2,2,1,31,5,0,0,0,0,0,29
2021/03/12,445601,1271,53,6,1,49,0,0,9,43,18,20,155,105,304,107,12,0,0,0,2,10,3,17,52,6,10,7,111,49,11,1,0,0,8,1,0,2,0,3,2,43,6,0,2,0,0,0,38
2021/03/13,446920,1319,58,8,3,55,0,0,14,17,18,19,183,129,330,95,6,3,4,0,2,8,4,17,55,5,3,10,120,54,5,0,0,0,6,2,1,0,1,0,0,41,3,0,5,1,0,0,30
2021/03/14,447907,987,45,7,3,49,0,1,15,18,24,10,77,106,239,109,2,0,3,0,1,10,2,5,24,8,5,6,92,37,5,6,0,1,2,3,0,0,0,1,1,38,3,0,0,0,0,1,23
2021/03/15,448602,695,54,4,1,20,0,3,6,10,4,12,72,76,175,55,6,0,0,0,2,14,0,8,15,2,3,6,67,33,4,1,0,0,4,2,0,0,0,0,0,13,0,0,0,1,0,0,16
2021/03/16,449735,1133,69,14,0,69,1,4,7,25,17,10,96,76,300,91,8,1,1,1,1,8,5,25,30,4,11,9,86,78,11,3,0,0,5,1,3,0,2,0,0,28,2,1,0,0,0,1,27
2021/03/17,451268,1533,73,4,6,107,2,4,23,40,30,27,132,90,409,93,18,2,0,2,1,25,8,9,48,6,6,14,147,73,15,5,0,0,2,2,2,0,2,2,1,42,4,0,7,0,0,1,35
2021/03/18,452765,1497,96,4,4,97,1,11,19,47,19,25,115,122,323,159,12,0,1,0,0,14,5,13,38,8,11,11,141,76,6,2,0,0,8,1,1,2,3,1,1,45,2,0,1,1,0,1,43
2021/03/19,454228,1463,78,5,8,100,1,18,21,38,36,16,135,129,303,111,18,0,3,1,1,18,6,13,47,8,7,9,158,61,2,2,0,0,9,2,1,0,1,0,1,40,5,1,3,0,0,0,44
2021/03/20,455744,1516,51,5,2,125,3,21,26,33,29,25,133,99,342,107,11,5,2,3,0,17,6,23,55,5,5,13,153,64,12,6,0,0,4,6,0,0,3,4,0,38,3,0,3,0,0,3,65
2021/03/21,456863,1119,60,1,2,112,0,31,14,22,3,11,79,88,256,77,18,1,1,0,0,19,1,8,34,4,7,11,100,46,8,5,0,0,9,8,0,2,0,3,0,34,4,1,0,1,0,5,24
2021/03/22,457679,816,50,0,1,42,0,16,13,19,9,12,60,97,187,56,21,0,0,0,0,10,5,6,31,0,6,11,79,23,4,2,0,0,7,1,0,3,0,3,0,15,1,0,2,0,0,1,18
2021/03/23,459180,1501,42,6,1,121,1,20,21,33,20,18,136,72,337,72,18,2,1,0,0,10,12,22,63,7,7,14,183,84,15,9,0,0,3,4,2,2,0,23,1,36,0,1,3,0,0,0,75
2021/03/24,461097,1917,81,7,2,171,0,21,23,45,16,20,121,107,420,128,11,4,1,0,0,29,18,27,74,10,7,19,262,118,22,7,1,0,5,5,3,6,0,24,1,24,1,0,0,1,0,1,68
2021/03/25,463013,1916,67,12,5,161,1,49,16,36,7,21,113,98,394,121,24,3,3,0,0,33,12,22,79,9,7,24,266,100,21,8,0,0,2,5,1,19,1,59,0,28,0,5,1,0,0,2,77
2021/03/26,465038,2025,69,8,5,153,2,34,34,35,30,23,135,135,376,117,17,0,1,15,2,37,16,33,64,16,5,20,300,116,17,11,0,1,5,6,0,6,3,39,0,28,0,3,1,2,0,12,88
2021/03/27,467109,2071,62,3,3,129,2,45,19,33,22,16,124,97,430,102,16,1,1,0,0,28,17,25,58,10,6,32,386,164,29,5,0,0,0,7,3,10,2,19,0,38,6,1,0,0,0,10,98
2021/03/28,468893,1784,74,12,4,134,0,34,21,51,19,14,114,92,313,64,12,1,0,2,4,32,12,17,86,13,3,26,323,92,37,4,1,0,3,10,0,3,7,27,0,23,11,1,1,1,1,12,68
2021/03/29,470238,1345,46,0,1,80,0,23,12,23,16,20,102,110,234,93,8,1,0,3,3,20,5,20,39,9,6,15,213,70,18,9,9,0,4,19,3,9,6,24,0,13,2,1,2,2,0,5,42
2021/03/30,472325,2087,56,6,5,121,0,27,6,29,29,23,107,81,364,96,28,3,1,10,3,22,11,19,56,17,13,30,432,176,46,16,20,0,25,8,6,1,13,30,2,30,1,1,6,1,7,6,87
2021/03/31,475168,2843,76,81,7,200,0,33,20,37,48,21,152,106,414,137,33,2,9,6,1,43,16,30,99,19,17,57,599,211,48,14,19,1,19,20,3,8,28,35,1,29,5,5,2,1,5,7,111